-- Project Epoch Database Export
-- Generated: 2026-02-17T06:37:45.230Z
-- Creatures: 246 | Attacks: 415

PRAGMA foreign_keys = ON;

-- [1] HARVEST TYPES
CREATE TABLE IF NOT EXISTS Harvest_Types (id TEXT PRIMARY KEY, tool TEXT, attribute TEXT, speed TEXT, time_sec INTEGER);
INSERT OR IGNORE INTO Harvest_Types VALUES ('Skinning', 'Knife', 'Dexterity', 'Fast', 3);
INSERT OR IGNORE INTO Harvest_Types VALUES ('Butchering', 'Cleaver', 'Strength', 'Medium', 5);
INSERT OR IGNORE INTO Harvest_Types VALUES ('Extraction', 'Tweezers', 'Precision', 'Slow', 8);
INSERT OR IGNORE INTO Harvest_Types VALUES ('Sawing', 'Bone Saw', 'Strength', 'Slow', 10);
INSERT OR IGNORE INTO Harvest_Types VALUES ('Draining', 'Vial', 'Care', 'Medium', 4);
INSERT OR IGNORE INTO Harvest_Types VALUES ('Plucking', 'Hands', 'Speed', 'Fast', 2);
INSERT OR IGNORE INTO Harvest_Types VALUES ('Scraping', 'Scraper', 'Patience', 'Slow', 6);
INSERT OR IGNORE INTO Harvest_Types VALUES ('Milking', 'Flask', 'Handling', 'Slow', 7);
INSERT OR IGNORE INTO Harvest_Types VALUES ('Scavenging', 'Hands', 'Perception', 'Fast', 2);

-- [2] ANATOMY PARTS
CREATE TABLE IF NOT EXISTS Anatomy_Parts (id TEXT PRIMARY KEY, default_harvest TEXT, drops TEXT);
INSERT OR IGNORE INTO Anatomy_Parts VALUES ('Jaw_Teeth', 'Extraction', 'Tooth,Jawbone,Enamel Shard');
INSERT OR IGNORE INTO Anatomy_Parts VALUES ('Fangs', 'Extraction', 'Fang,Venom Droplet');
INSERT OR IGNORE INTO Anatomy_Parts VALUES ('Beak', 'Sawing', 'Beak,Keratin Scrap');
INSERT OR IGNORE INTO Anatomy_Parts VALUES ('Horns', 'Sawing', 'Horn,Bone Dust');
INSERT OR IGNORE INTO Anatomy_Parts VALUES ('Antlers', 'Sawing', 'Antler,Bone Dust');
INSERT OR IGNORE INTO Anatomy_Parts VALUES ('Tusks', 'Sawing', 'Ivory,Bone Dust');
INSERT OR IGNORE INTO Anatomy_Parts VALUES ('Spines_Quills', 'Plucking', 'Quill,Spine');
INSERT OR IGNORE INTO Anatomy_Parts VALUES ('Claws_Talons', 'Extraction', 'Claw,Keratin Scrap');
INSERT OR IGNORE INTO Anatomy_Parts VALUES ('Pincers_Mandibles', 'Sawing', 'Pincer,Chitin Plate');
INSERT OR IGNORE INTO Anatomy_Parts VALUES ('Paws_Pads', 'Skinning', 'Paw,Sinew');
INSERT OR IGNORE INTO Anatomy_Parts VALUES ('Legs_Bones', 'Butchering', 'Femur,Marrow');
INSERT OR IGNORE INTO Anatomy_Parts VALUES ('Hooves', 'Sawing', 'Hoof,Keratin Scrap');
INSERT OR IGNORE INTO Anatomy_Parts VALUES ('Skull_Head', 'Butchering', 'Skull,Brain Matter');
INSERT OR IGNORE INTO Anatomy_Parts VALUES ('Meat_Muscle', 'Butchering', 'Raw Meat,Animal Fat');
INSERT OR IGNORE INTO Anatomy_Parts VALUES ('Scales_Carapace', 'Scraping', 'Scale,Chitin Plate,Scute');
INSERT OR IGNORE INTO Anatomy_Parts VALUES ('Tail', 'Butchering', 'Tail,Vertebrae');
INSERT OR IGNORE INTO Anatomy_Parts VALUES ('Fins_Flukes', 'Butchering', 'Fin,Cartilage');
INSERT OR IGNORE INTO Anatomy_Parts VALUES ('Tentacles', 'Butchering', 'Tentacle,Suction Cup');
INSERT OR IGNORE INTO Anatomy_Parts VALUES ('Wings_Feathered', 'Plucking', 'Feather,Hollow Bone');
INSERT OR IGNORE INTO Anatomy_Parts VALUES ('Wings_Membranous', 'Skinning', 'Wing Membrane,Leathery Scrap');
INSERT OR IGNORE INTO Anatomy_Parts VALUES ('Stinger_Spur', 'Extraction', 'Stinger,Barb');
INSERT OR IGNORE INTO Anatomy_Parts VALUES ('Internal_Gland', 'Extraction', 'Gland,Noxious Fluid,Acid Sac');
INSERT OR IGNORE INTO Anatomy_Parts VALUES ('Blood', 'Draining', 'Blood,Plasma');
INSERT OR IGNORE INTO Anatomy_Parts VALUES ('Special_Organ', 'Extraction', 'Electrocyte,Sonic Chamber,Luminous Node');
INSERT OR IGNORE INTO Anatomy_Parts VALUES ('Heart', 'Butchering', 'Heart,Artery');
INSERT OR IGNORE INTO Anatomy_Parts VALUES ('Eyes', 'Extraction', 'Eye,Vitreous Fluid');

-- [3] LOOT MODIFIERS
CREATE TABLE IF NOT EXISTS Loot_Modifiers (id TEXT PRIMARY KEY, type TEXT, multiplier REAL, quality TEXT, weight INTEGER);
INSERT OR IGNORE INTO Loot_Modifiers VALUES ('Shattered', 'HARD', 0.1, 'Trash', 30);
INSERT OR IGNORE INTO Loot_Modifiers VALUES ('Cracked', 'HARD', 0.25, 'Poor', 25);
INSERT OR IGNORE INTO Loot_Modifiers VALUES ('Chipped', 'HARD', 0.5, 'Common', 20);
INSERT OR IGNORE INTO Loot_Modifiers VALUES ('Standard', 'HARD', 1, 'Uncommon', 15);
INSERT OR IGNORE INTO Loot_Modifiers VALUES ('Intact', 'HARD', 2, 'Rare', 7);
INSERT OR IGNORE INTO Loot_Modifiers VALUES ('Pristine', 'HARD', 5, 'Epic', 2);
INSERT OR IGNORE INTO Loot_Modifiers VALUES ('Flawless', 'HARD', 10, 'Legendary', 1);
INSERT OR IGNORE INTO Loot_Modifiers VALUES ('Rotting', 'ORGANIC', 0.1, 'Trash', 30);
INSERT OR IGNORE INTO Loot_Modifiers VALUES ('Tainted', 'ORGANIC', 0.25, 'Poor', 25);
INSERT OR IGNORE INTO Loot_Modifiers VALUES ('Mangled', 'ORGANIC', 0.5, 'Common', 20);
INSERT OR IGNORE INTO Loot_Modifiers VALUES ('Standard', 'ORGANIC', 1, 'Uncommon', 15);
INSERT OR IGNORE INTO Loot_Modifiers VALUES ('Prime', 'ORGANIC', 2, 'Rare', 7);
INSERT OR IGNORE INTO Loot_Modifiers VALUES ('Exquisite', 'ORGANIC', 5, 'Epic', 2);
INSERT OR IGNORE INTO Loot_Modifiers VALUES ('Perfect', 'ORGANIC', 10, 'Legendary', 1);

-- [4] ATTACK DEFINITIONS
CREATE TABLE IF NOT EXISTS Attack_Defs (
  id INTEGER PRIMARY KEY AUTOINCREMENT,
  name TEXT UNIQUE,
  category TEXT,
  effect TEXT,
  base_damage TEXT,
  anatomy_tag TEXT
);

BEGIN TRANSACTION;
INSERT OR IGNORE INTO Attack_Defs (name, category, effect, base_damage, anatomy_tag) VALUES ('Nibble', 'Piercing', 'None', 'undefined', 'Jaw_Teeth');
INSERT OR IGNORE INTO Attack_Defs (name, category, effect, base_damage, anatomy_tag) VALUES ('Bite', 'Piercing', 'None', 'undefined', 'Jaw_Teeth');
INSERT OR IGNORE INTO Attack_Defs (name, category, effect, base_damage, anatomy_tag) VALUES ('Gnaw', 'Shredding', 'Bleed', 'undefined', 'Jaw_Teeth');
INSERT OR IGNORE INTO Attack_Defs (name, category, effect, base_damage, anatomy_tag) VALUES ('Crunch', 'Blunt', 'None', 'undefined', 'Jaw_Teeth');
INSERT OR IGNORE INTO Attack_Defs (name, category, effect, base_damage, anatomy_tag) VALUES ('Jaw Snap', 'Slashing', 'None', 'undefined', 'Jaw_Teeth');
INSERT OR IGNORE INTO Attack_Defs (name, category, effect, base_damage, anatomy_tag) VALUES ('Serrated Bite', 'Shredding', 'Bleed', 'undefined', 'Jaw_Teeth');
INSERT OR IGNORE INTO Attack_Defs (name, category, effect, base_damage, anatomy_tag) VALUES ('Crushing Jaw', 'Blunt', 'Stun', 'undefined', 'Jaw_Teeth');
INSERT OR IGNORE INTO Attack_Defs (name, category, effect, base_damage, anatomy_tag) VALUES ('Throat Crush', 'Blunt', 'Silence', 'undefined', 'Jaw_Teeth');
INSERT OR IGNORE INTO Attack_Defs (name, category, effect, base_damage, anatomy_tag) VALUES ('Trap-Jaw Strike', 'Blunt', 'Stun', 'undefined', 'Jaw_Teeth');
INSERT OR IGNORE INTO Attack_Defs (name, category, effect, base_damage, anatomy_tag) VALUES ('Venomous Bite', 'Piercing', 'Poison', 'undefined', 'Fangs');
INSERT OR IGNORE INTO Attack_Defs (name, category, effect, base_damage, anatomy_tag) VALUES ('Toxic Chomp', 'Chemical', 'Poison', 'undefined', 'Fangs');
INSERT OR IGNORE INTO Attack_Defs (name, category, effect, base_damage, anatomy_tag) VALUES ('Vampiric Drain', 'Piercing', 'Drain', 'undefined', 'Fangs');
INSERT OR IGNORE INTO Attack_Defs (name, category, effect, base_damage, anatomy_tag) VALUES ('Leech Latch', 'Slashing', 'Drain', 'undefined', 'Fangs');
INSERT OR IGNORE INTO Attack_Defs (name, category, effect, base_damage, anatomy_tag) VALUES ('Peck', 'Piercing', 'None', 'undefined', 'Beak');
INSERT OR IGNORE INTO Attack_Defs (name, category, effect, base_damage, anatomy_tag) VALUES ('Beak Tear', 'Shredding', 'Bleed', 'undefined', 'Beak');
INSERT OR IGNORE INTO Attack_Defs (name, category, effect, base_damage, anatomy_tag) VALUES ('Hooked Beak', 'Shredding', 'Bleed', 'undefined', 'Beak');
INSERT OR IGNORE INTO Attack_Defs (name, category, effect, base_damage, anatomy_tag) VALUES ('Bill Thrust', 'Piercing', 'None', 'undefined', 'Beak');
INSERT OR IGNORE INTO Attack_Defs (name, category, effect, base_damage, anatomy_tag) VALUES ('Sword-Bill Slash', 'Slashing', 'Bleed', 'undefined', 'Beak');
INSERT OR IGNORE INTO Attack_Defs (name, category, effect, base_damage, anatomy_tag) VALUES ('Macaw Crush', 'Blunt', 'None', 'undefined', 'Beak');
INSERT OR IGNORE INTO Attack_Defs (name, category, effect, base_damage, anatomy_tag) VALUES ('Gore', 'Piercing', 'Knockback', 'undefined', 'Horns');
INSERT OR IGNORE INTO Attack_Defs (name, category, effect, base_damage, anatomy_tag) VALUES ('Horn Ram', 'Blunt', 'Stun', 'undefined', 'Horns');
INSERT OR IGNORE INTO Attack_Defs (name, category, effect, base_damage, anatomy_tag) VALUES ('Rhino Charge', 'Blunt', 'Knockback', 'undefined', 'Horns');
INSERT OR IGNORE INTO Attack_Defs (name, category, effect, base_damage, anatomy_tag) VALUES ('Antler Toss', 'Piercing', 'Knockback', 'undefined', 'Antlers');
INSERT OR IGNORE INTO Attack_Defs (name, category, effect, base_damage, anatomy_tag) VALUES ('Tusk Slash', 'Slashing', 'Bleed', 'undefined', 'Tusks');
INSERT OR IGNORE INTO Attack_Defs (name, category, effect, base_damage, anatomy_tag) VALUES ('Spine Charge', 'Piercing', 'Bleed', 'undefined', 'Spines_Quills');
INSERT OR IGNORE INTO Attack_Defs (name, category, effect, base_damage, anatomy_tag) VALUES ('Quill Shoot', 'Piercing', 'None', 'undefined', 'Spines_Quills');
INSERT OR IGNORE INTO Attack_Defs (name, category, effect, base_damage, anatomy_tag) VALUES ('Barbed Harpoon', 'Piercing', 'Grapple', 'undefined', 'Spines_Quills');
INSERT OR IGNORE INTO Attack_Defs (name, category, effect, base_damage, anatomy_tag) VALUES ('Scratch', 'Slashing', 'None', 'undefined', 'Claws_Talons');
INSERT OR IGNORE INTO Attack_Defs (name, category, effect, base_damage, anatomy_tag) VALUES ('Claw', 'Slashing', 'Bleed', 'undefined', 'Claws_Talons');
INSERT OR IGNORE INTO Attack_Defs (name, category, effect, base_damage, anatomy_tag) VALUES ('Talon', 'Slashing', 'Bleed', 'undefined', 'Claws_Talons');
INSERT OR IGNORE INTO Attack_Defs (name, category, effect, base_damage, anatomy_tag) VALUES ('Rake', 'Shredding', 'Bleed', 'undefined', 'Claws_Talons');
INSERT OR IGNORE INTO Attack_Defs (name, category, effect, base_damage, anatomy_tag) VALUES ('Swipe', 'Slashing', 'None', 'undefined', 'Claws_Talons');
INSERT OR IGNORE INTO Attack_Defs (name, category, effect, base_damage, anatomy_tag) VALUES ('Eviscerate', 'Shredding', 'Bleed', 'undefined', 'Claws_Talons');
INSERT OR IGNORE INTO Attack_Defs (name, category, effect, base_damage, anatomy_tag) VALUES ('Mantis Scythe', 'Slashing', 'Bleed', 'undefined', 'Pincers_Mandibles');
INSERT OR IGNORE INTO Attack_Defs (name, category, effect, base_damage, anatomy_tag) VALUES ('Pincer Snipe', 'Slashing', 'None', 'undefined', 'Pincers_Mandibles');
INSERT OR IGNORE INTO Attack_Defs (name, category, effect, base_damage, anatomy_tag) VALUES ('Crab Pinch', 'Blunt', 'Grapple', 'undefined', 'Pincers_Mandibles');
INSERT OR IGNORE INTO Attack_Defs (name, category, effect, base_damage, anatomy_tag) VALUES ('Raptorial Grasp', 'Piercing', 'Grapple', 'undefined', 'Pincers_Mandibles');
INSERT OR IGNORE INTO Attack_Defs (name, category, effect, base_damage, anatomy_tag) VALUES ('Mandible Pinch', 'Shredding', 'Bleed', 'undefined', 'Pincers_Mandibles');
INSERT OR IGNORE INTO Attack_Defs (name, category, effect, base_damage, anatomy_tag) VALUES ('Pounce', 'Blunt', 'Knockback', 'undefined', 'Paws_Pads');
INSERT OR IGNORE INTO Attack_Defs (name, category, effect, base_damage, anatomy_tag) VALUES ('Paw Strike', 'Blunt', 'None', 'undefined', 'Paws_Pads');
INSERT OR IGNORE INTO Attack_Defs (name, category, effect, base_damage, anatomy_tag) VALUES ('Slam', 'Blunt', 'Stun', 'undefined', 'Legs_Bones');
INSERT OR IGNORE INTO Attack_Defs (name, category, effect, base_damage, anatomy_tag) VALUES ('Kick', 'Blunt', 'Knockback', 'undefined', 'Legs_Bones');
INSERT OR IGNORE INTO Attack_Defs (name, category, effect, base_damage, anatomy_tag) VALUES ('Hind Kick', 'Blunt', 'Knockback', 'undefined', 'Legs_Bones');
INSERT OR IGNORE INTO Attack_Defs (name, category, effect, base_damage, anatomy_tag) VALUES ('Kangaroo Box', 'Blunt', 'Stun', 'undefined', 'Legs_Bones');
INSERT OR IGNORE INTO Attack_Defs (name, category, effect, base_damage, anatomy_tag) VALUES ('Hoof Stomp', 'Blunt', 'None', 'undefined', 'Hooves');
INSERT OR IGNORE INTO Attack_Defs (name, category, effect, base_damage, anatomy_tag) VALUES ('Trample', 'Blunt', 'Knockback', 'undefined', 'Hooves');
INSERT OR IGNORE INTO Attack_Defs (name, category, effect, base_damage, anatomy_tag) VALUES ('Headbutt', 'Blunt', 'Stun', 'undefined', 'Skull_Head');
INSERT OR IGNORE INTO Attack_Defs (name, category, effect, base_damage, anatomy_tag) VALUES ('Body Slam', 'Blunt', 'Knockback', 'undefined', 'Meat_Muscle');
INSERT OR IGNORE INTO Attack_Defs (name, category, effect, base_damage, anatomy_tag) VALUES ('Roll Attack', 'Blunt', 'Knockback', 'undefined', 'Scales_Carapace');
INSERT OR IGNORE INTO Attack_Defs (name, category, effect, base_damage, anatomy_tag) VALUES ('Death Roll', 'Shredding', 'Grapple', 'undefined', 'Meat_Muscle');
INSERT OR IGNORE INTO Attack_Defs (name, category, effect, base_damage, anatomy_tag) VALUES ('Tail Whip', 'Blunt', 'Knockback', 'undefined', 'Tail');
INSERT OR IGNORE INTO Attack_Defs (name, category, effect, base_damage, anatomy_tag) VALUES ('Tail Club', 'Blunt', 'Stun', 'undefined', 'Tail');
INSERT OR IGNORE INTO Attack_Defs (name, category, effect, base_damage, anatomy_tag) VALUES ('Thresher Slap', 'Slashing', 'Stun', 'undefined', 'Tail');
INSERT OR IGNORE INTO Attack_Defs (name, category, effect, base_damage, anatomy_tag) VALUES ('Fluke Smash', 'Blunt', 'Knockback', 'undefined', 'Fins_Flukes');
INSERT OR IGNORE INTO Attack_Defs (name, category, effect, base_damage, anatomy_tag) VALUES ('Spiked Tail', 'Piercing', 'Bleed', 'undefined', 'Tail');
INSERT OR IGNORE INTO Attack_Defs (name, category, effect, base_damage, anatomy_tag) VALUES ('Tentacle Lash', 'Blunt', 'None', 'undefined', 'Tentacles');
INSERT OR IGNORE INTO Attack_Defs (name, category, effect, base_damage, anatomy_tag) VALUES ('Suction Grip', 'Blunt', 'Grapple', 'undefined', 'Tentacles');
INSERT OR IGNORE INTO Attack_Defs (name, category, effect, base_damage, anatomy_tag) VALUES ('Nematocyst Lash', 'Chemical', 'Burn', 'undefined', 'Tentacles');
INSERT OR IGNORE INTO Attack_Defs (name, category, effect, base_damage, anatomy_tag) VALUES ('Constrict', 'Blunt', 'Slow', 'undefined', 'Meat_Muscle');
INSERT OR IGNORE INTO Attack_Defs (name, category, effect, base_damage, anatomy_tag) VALUES ('Python Squeeze', 'Blunt', 'Grapple', 'undefined', 'Meat_Muscle');
INSERT OR IGNORE INTO Attack_Defs (name, category, effect, base_damage, anatomy_tag) VALUES ('Wing Buffet', 'Blunt', 'Knockback', 'undefined', 'Wings_Feathered');
INSERT OR IGNORE INTO Attack_Defs (name, category, effect, base_damage, anatomy_tag) VALUES ('Dive Bomb', 'Blunt', 'Stun', 'undefined', 'Wings_Feathered');
INSERT OR IGNORE INTO Attack_Defs (name, category, effect, base_damage, anatomy_tag) VALUES ('Swan Strike', 'Blunt', 'None', 'undefined', 'Wings_Feathered');
INSERT OR IGNORE INTO Attack_Defs (name, category, effect, base_damage, anatomy_tag) VALUES ('Leathery Wing Buffet', 'Blunt', 'Knockback', 'undefined', 'Wings_Membranous');
INSERT OR IGNORE INTO Attack_Defs (name, category, effect, base_damage, anatomy_tag) VALUES ('Fin Slash', 'Slashing', 'None', 'undefined', 'Fins_Flukes');
INSERT OR IGNORE INTO Attack_Defs (name, category, effect, base_damage, anatomy_tag) VALUES ('Sting', 'Piercing', 'Poison', 'undefined', 'Stinger_Spur');
INSERT OR IGNORE INTO Attack_Defs (name, category, effect, base_damage, anatomy_tag) VALUES ('Barbed Sting', 'Piercing', 'Bleed', 'undefined', 'Stinger_Spur');
INSERT OR IGNORE INTO Attack_Defs (name, category, effect, base_damage, anatomy_tag) VALUES ('Neurotoxic Sting', 'Chemical', 'Paralysis', 'undefined', 'Stinger_Spur');
INSERT OR IGNORE INTO Attack_Defs (name, category, effect, base_damage, anatomy_tag) VALUES ('Venom Spur', 'Piercing', 'Poison', 'undefined', 'Stinger_Spur');
INSERT OR IGNORE INTO Attack_Defs (name, category, effect, base_damage, anatomy_tag) VALUES ('Acid Spray', 'Chemical', 'Burn', 'undefined', 'Internal_Gland');
INSERT OR IGNORE INTO Attack_Defs (name, category, effect, base_damage, anatomy_tag) VALUES ('Venom Spit', 'Chemical', 'Blind', 'undefined', 'Internal_Gland');
INSERT OR IGNORE INTO Attack_Defs (name, category, effect, base_damage, anatomy_tag) VALUES ('Ink Cloud', 'Chemical', 'Blind', 'undefined', 'Internal_Gland');
INSERT OR IGNORE INTO Attack_Defs (name, category, effect, base_damage, anatomy_tag) VALUES ('Skunk Musk', 'Chemical', 'Nausea', 'undefined', 'Internal_Gland');
INSERT OR IGNORE INTO Attack_Defs (name, category, effect, base_damage, anatomy_tag) VALUES ('Blood Squirt', 'Chemical', 'Blind', 'undefined', 'Blood');
INSERT OR IGNORE INTO Attack_Defs (name, category, effect, base_damage, anatomy_tag) VALUES ('Boiling Fluid', 'Chemical', 'Burn', 'undefined', 'Internal_Gland');
INSERT OR IGNORE INTO Attack_Defs (name, category, effect, base_damage, anatomy_tag) VALUES ('Toxic Spores', 'Chemical', 'Poison', 'undefined', 'Internal_Gland');
INSERT OR IGNORE INTO Attack_Defs (name, category, effect, base_damage, anatomy_tag) VALUES ('Web Shoot', 'Chemical', 'Slow', 'undefined', 'Internal_Gland');
INSERT OR IGNORE INTO Attack_Defs (name, category, effect, base_damage, anatomy_tag) VALUES ('Slime Secretion', 'Chemical', 'Grapple', 'undefined', 'Internal_Gland');
INSERT OR IGNORE INTO Attack_Defs (name, category, effect, base_damage, anatomy_tag) VALUES ('Shock Touch', 'Energy', 'Stun', 'undefined', 'Special_Organ');
INSERT OR IGNORE INTO Attack_Defs (name, category, effect, base_damage, anatomy_tag) VALUES ('Eel Discharge', 'Energy', 'Paralysis', 'undefined', 'Special_Organ');
INSERT OR IGNORE INTO Attack_Defs (name, category, effect, base_damage, anatomy_tag) VALUES ('Sonic Snap', 'Energy', 'Stun', 'undefined', 'Pincers_Mandibles');
INSERT OR IGNORE INTO Attack_Defs (name, category, effect, base_damage, anatomy_tag) VALUES ('Thermal Flash', 'Energy', 'Burn', 'undefined', 'Special_Organ');
INSERT OR IGNORE INTO Attack_Defs (name, category, effect, base_damage, anatomy_tag) VALUES ('Echolocation Blast', 'Energy', 'Blind', 'undefined', 'Skull_Head');
INSERT OR IGNORE INTO Attack_Defs (name, category, effect, base_damage, anatomy_tag) VALUES ('Minor Nibble', 'Piercing', 'None', '1d2', 'Jaw_Teeth');
INSERT OR IGNORE INTO Attack_Defs (name, category, effect, base_damage, anatomy_tag) VALUES ('Savage Nibble', 'Piercing', 'None', '2d2', 'Jaw_Teeth');
INSERT OR IGNORE INTO Attack_Defs (name, category, effect, base_damage, anatomy_tag) VALUES ('Dire Nibble', 'Piercing', 'None', '3d2', 'Jaw_Teeth');
INSERT OR IGNORE INTO Attack_Defs (name, category, effect, base_damage, anatomy_tag) VALUES ('Feral Nibble', 'Piercing', 'None', '1d2', 'Jaw_Teeth');
INSERT OR IGNORE INTO Attack_Defs (name, category, effect, base_damage, anatomy_tag) VALUES ('Minor Bite', 'Piercing', 'None', '1d6', 'Jaw_Teeth');
INSERT OR IGNORE INTO Attack_Defs (name, category, effect, base_damage, anatomy_tag) VALUES ('Savage Bite', 'Piercing', 'None', '2d6', 'Jaw_Teeth');
INSERT OR IGNORE INTO Attack_Defs (name, category, effect, base_damage, anatomy_tag) VALUES ('Dire Bite', 'Piercing', 'None', '3d6', 'Jaw_Teeth');
INSERT OR IGNORE INTO Attack_Defs (name, category, effect, base_damage, anatomy_tag) VALUES ('Feral Bite', 'Piercing', 'None', '1d6', 'Jaw_Teeth');
INSERT OR IGNORE INTO Attack_Defs (name, category, effect, base_damage, anatomy_tag) VALUES ('Minor Gnaw', 'Shredding', 'Bleed', '1d4', 'Jaw_Teeth');
INSERT OR IGNORE INTO Attack_Defs (name, category, effect, base_damage, anatomy_tag) VALUES ('Savage Gnaw', 'Shredding', 'Bleed', '2d4', 'Jaw_Teeth');
INSERT OR IGNORE INTO Attack_Defs (name, category, effect, base_damage, anatomy_tag) VALUES ('Dire Gnaw', 'Shredding', 'Bleed', '3d4', 'Jaw_Teeth');
INSERT OR IGNORE INTO Attack_Defs (name, category, effect, base_damage, anatomy_tag) VALUES ('Feral Gnaw', 'Shredding', 'Bleed', '1d4', 'Jaw_Teeth');
INSERT OR IGNORE INTO Attack_Defs (name, category, effect, base_damage, anatomy_tag) VALUES ('Minor Crunch', 'Blunt', 'None', '1d8', 'Jaw_Teeth');
INSERT OR IGNORE INTO Attack_Defs (name, category, effect, base_damage, anatomy_tag) VALUES ('Savage Crunch', 'Blunt', 'None', '2d8', 'Jaw_Teeth');
INSERT OR IGNORE INTO Attack_Defs (name, category, effect, base_damage, anatomy_tag) VALUES ('Dire Crunch', 'Blunt', 'None', '3d8', 'Jaw_Teeth');
INSERT OR IGNORE INTO Attack_Defs (name, category, effect, base_damage, anatomy_tag) VALUES ('Feral Crunch', 'Blunt', 'None', '1d8', 'Jaw_Teeth');
INSERT OR IGNORE INTO Attack_Defs (name, category, effect, base_damage, anatomy_tag) VALUES ('Minor Jaw Snap', 'Slashing', 'None', '1d6', 'Jaw_Teeth');
INSERT OR IGNORE INTO Attack_Defs (name, category, effect, base_damage, anatomy_tag) VALUES ('Savage Jaw Snap', 'Slashing', 'None', '2d6', 'Jaw_Teeth');
INSERT OR IGNORE INTO Attack_Defs (name, category, effect, base_damage, anatomy_tag) VALUES ('Dire Jaw Snap', 'Slashing', 'None', '3d6', 'Jaw_Teeth');
INSERT OR IGNORE INTO Attack_Defs (name, category, effect, base_damage, anatomy_tag) VALUES ('Feral Jaw Snap', 'Slashing', 'None', '1d6', 'Jaw_Teeth');
INSERT OR IGNORE INTO Attack_Defs (name, category, effect, base_damage, anatomy_tag) VALUES ('Minor Serrated Bite', 'Shredding', 'Bleed', '1d4', 'Jaw_Teeth');
INSERT OR IGNORE INTO Attack_Defs (name, category, effect, base_damage, anatomy_tag) VALUES ('Savage Serrated Bite', 'Shredding', 'Bleed', '3d4', 'Jaw_Teeth');
INSERT OR IGNORE INTO Attack_Defs (name, category, effect, base_damage, anatomy_tag) VALUES ('Dire Serrated Bite', 'Shredding', 'Bleed', '4d4', 'Jaw_Teeth');
INSERT OR IGNORE INTO Attack_Defs (name, category, effect, base_damage, anatomy_tag) VALUES ('Feral Serrated Bite', 'Shredding', 'Bleed', '2d4', 'Jaw_Teeth');
INSERT OR IGNORE INTO Attack_Defs (name, category, effect, base_damage, anatomy_tag) VALUES ('Minor Crushing Jaw', 'Blunt', 'Stun', '1d6', 'Jaw_Teeth');
INSERT OR IGNORE INTO Attack_Defs (name, category, effect, base_damage, anatomy_tag) VALUES ('Savage Crushing Jaw', 'Blunt', 'Stun', '3d6', 'Jaw_Teeth');
INSERT OR IGNORE INTO Attack_Defs (name, category, effect, base_damage, anatomy_tag) VALUES ('Dire Crushing Jaw', 'Blunt', 'Stun', '4d6', 'Jaw_Teeth');
INSERT OR IGNORE INTO Attack_Defs (name, category, effect, base_damage, anatomy_tag) VALUES ('Feral Crushing Jaw', 'Blunt', 'Stun', '2d6', 'Jaw_Teeth');
INSERT OR IGNORE INTO Attack_Defs (name, category, effect, base_damage, anatomy_tag) VALUES ('Minor Throat Crush', 'Blunt', 'Silence', '1d6', 'Jaw_Teeth');
INSERT OR IGNORE INTO Attack_Defs (name, category, effect, base_damage, anatomy_tag) VALUES ('Savage Throat Crush', 'Blunt', 'Silence', '3d6', 'Jaw_Teeth');
INSERT OR IGNORE INTO Attack_Defs (name, category, effect, base_damage, anatomy_tag) VALUES ('Dire Throat Crush', 'Blunt', 'Silence', '4d6', 'Jaw_Teeth');
INSERT OR IGNORE INTO Attack_Defs (name, category, effect, base_damage, anatomy_tag) VALUES ('Feral Throat Crush', 'Blunt', 'Silence', '2d6', 'Jaw_Teeth');
INSERT OR IGNORE INTO Attack_Defs (name, category, effect, base_damage, anatomy_tag) VALUES ('Minor Trap-Jaw Strike', 'Blunt', 'Stun', '1d8', 'Jaw_Teeth');
INSERT OR IGNORE INTO Attack_Defs (name, category, effect, base_damage, anatomy_tag) VALUES ('Savage Trap-Jaw Strike', 'Blunt', 'Stun', '2d8', 'Jaw_Teeth');
INSERT OR IGNORE INTO Attack_Defs (name, category, effect, base_damage, anatomy_tag) VALUES ('Dire Trap-Jaw Strike', 'Blunt', 'Stun', '3d8', 'Jaw_Teeth');
INSERT OR IGNORE INTO Attack_Defs (name, category, effect, base_damage, anatomy_tag) VALUES ('Feral Trap-Jaw Strike', 'Blunt', 'Stun', '1d8', 'Jaw_Teeth');
INSERT OR IGNORE INTO Attack_Defs (name, category, effect, base_damage, anatomy_tag) VALUES ('Minor Venomous Bite', 'Piercing', 'Poison', '1d4', 'Fangs');
INSERT OR IGNORE INTO Attack_Defs (name, category, effect, base_damage, anatomy_tag) VALUES ('Savage Venomous Bite', 'Piercing', 'Poison', '2d4', 'Fangs');
INSERT OR IGNORE INTO Attack_Defs (name, category, effect, base_damage, anatomy_tag) VALUES ('Dire Venomous Bite', 'Piercing', 'Poison', '3d4', 'Fangs');
INSERT OR IGNORE INTO Attack_Defs (name, category, effect, base_damage, anatomy_tag) VALUES ('Feral Venomous Bite', 'Piercing', 'Poison', '1d4', 'Fangs');
INSERT OR IGNORE INTO Attack_Defs (name, category, effect, base_damage, anatomy_tag) VALUES ('Minor Toxic Chomp', 'Chemical', 'Poison', '1d6', 'Fangs');
INSERT OR IGNORE INTO Attack_Defs (name, category, effect, base_damage, anatomy_tag) VALUES ('Savage Toxic Chomp', 'Chemical', 'Poison', '2d6', 'Fangs');
INSERT OR IGNORE INTO Attack_Defs (name, category, effect, base_damage, anatomy_tag) VALUES ('Dire Toxic Chomp', 'Chemical', 'Poison', '3d6', 'Fangs');
INSERT OR IGNORE INTO Attack_Defs (name, category, effect, base_damage, anatomy_tag) VALUES ('Feral Toxic Chomp', 'Chemical', 'Poison', '1d6', 'Fangs');
INSERT OR IGNORE INTO Attack_Defs (name, category, effect, base_damage, anatomy_tag) VALUES ('Minor Vampiric Drain', 'Piercing', 'Drain', '1d4', 'Fangs');
INSERT OR IGNORE INTO Attack_Defs (name, category, effect, base_damage, anatomy_tag) VALUES ('Savage Vampiric Drain', 'Piercing', 'Drain', '2d4', 'Fangs');
INSERT OR IGNORE INTO Attack_Defs (name, category, effect, base_damage, anatomy_tag) VALUES ('Dire Vampiric Drain', 'Piercing', 'Drain', '3d4', 'Fangs');
INSERT OR IGNORE INTO Attack_Defs (name, category, effect, base_damage, anatomy_tag) VALUES ('Feral Vampiric Drain', 'Piercing', 'Drain', '1d4', 'Fangs');
INSERT OR IGNORE INTO Attack_Defs (name, category, effect, base_damage, anatomy_tag) VALUES ('Minor Leech Latch', 'Slashing', 'Drain', '1d2', 'Fangs');
INSERT OR IGNORE INTO Attack_Defs (name, category, effect, base_damage, anatomy_tag) VALUES ('Savage Leech Latch', 'Slashing', 'Drain', '2d2', 'Fangs');
INSERT OR IGNORE INTO Attack_Defs (name, category, effect, base_damage, anatomy_tag) VALUES ('Dire Leech Latch', 'Slashing', 'Drain', '3d2', 'Fangs');
INSERT OR IGNORE INTO Attack_Defs (name, category, effect, base_damage, anatomy_tag) VALUES ('Feral Leech Latch', 'Slashing', 'Drain', '1d2', 'Fangs');
INSERT OR IGNORE INTO Attack_Defs (name, category, effect, base_damage, anatomy_tag) VALUES ('Minor Peck', 'Piercing', 'None', '1d4', 'Beak');
INSERT OR IGNORE INTO Attack_Defs (name, category, effect, base_damage, anatomy_tag) VALUES ('Savage Peck', 'Piercing', 'None', '2d4', 'Beak');
INSERT OR IGNORE INTO Attack_Defs (name, category, effect, base_damage, anatomy_tag) VALUES ('Dire Peck', 'Piercing', 'None', '3d4', 'Beak');
INSERT OR IGNORE INTO Attack_Defs (name, category, effect, base_damage, anatomy_tag) VALUES ('Feral Peck', 'Piercing', 'None', '1d4', 'Beak');
INSERT OR IGNORE INTO Attack_Defs (name, category, effect, base_damage, anatomy_tag) VALUES ('Minor Beak Tear', 'Shredding', 'Bleed', '1d6', 'Beak');
INSERT OR IGNORE INTO Attack_Defs (name, category, effect, base_damage, anatomy_tag) VALUES ('Savage Beak Tear', 'Shredding', 'Bleed', '2d6', 'Beak');
INSERT OR IGNORE INTO Attack_Defs (name, category, effect, base_damage, anatomy_tag) VALUES ('Dire Beak Tear', 'Shredding', 'Bleed', '3d6', 'Beak');
INSERT OR IGNORE INTO Attack_Defs (name, category, effect, base_damage, anatomy_tag) VALUES ('Feral Beak Tear', 'Shredding', 'Bleed', '1d6', 'Beak');
INSERT OR IGNORE INTO Attack_Defs (name, category, effect, base_damage, anatomy_tag) VALUES ('Minor Hooked Beak', 'Shredding', 'Bleed', '1d8', 'Beak');
INSERT OR IGNORE INTO Attack_Defs (name, category, effect, base_damage, anatomy_tag) VALUES ('Savage Hooked Beak', 'Shredding', 'Bleed', '2d8', 'Beak');
INSERT OR IGNORE INTO Attack_Defs (name, category, effect, base_damage, anatomy_tag) VALUES ('Dire Hooked Beak', 'Shredding', 'Bleed', '3d8', 'Beak');
INSERT OR IGNORE INTO Attack_Defs (name, category, effect, base_damage, anatomy_tag) VALUES ('Feral Hooked Beak', 'Shredding', 'Bleed', '1d8', 'Beak');
INSERT OR IGNORE INTO Attack_Defs (name, category, effect, base_damage, anatomy_tag) VALUES ('Minor Bill Thrust', 'Piercing', 'None', '1d6', 'Beak');
INSERT OR IGNORE INTO Attack_Defs (name, category, effect, base_damage, anatomy_tag) VALUES ('Savage Bill Thrust', 'Piercing', 'None', '2d6', 'Beak');
INSERT OR IGNORE INTO Attack_Defs (name, category, effect, base_damage, anatomy_tag) VALUES ('Dire Bill Thrust', 'Piercing', 'None', '3d6', 'Beak');
INSERT OR IGNORE INTO Attack_Defs (name, category, effect, base_damage, anatomy_tag) VALUES ('Feral Bill Thrust', 'Piercing', 'None', '1d6', 'Beak');
INSERT OR IGNORE INTO Attack_Defs (name, category, effect, base_damage, anatomy_tag) VALUES ('Minor Sword-Bill Slash', 'Slashing', 'Bleed', '1d4', 'Beak');
INSERT OR IGNORE INTO Attack_Defs (name, category, effect, base_damage, anatomy_tag) VALUES ('Savage Sword-Bill Slash', 'Slashing', 'Bleed', '3d4', 'Beak');
INSERT OR IGNORE INTO Attack_Defs (name, category, effect, base_damage, anatomy_tag) VALUES ('Dire Sword-Bill Slash', 'Slashing', 'Bleed', '4d4', 'Beak');
INSERT OR IGNORE INTO Attack_Defs (name, category, effect, base_damage, anatomy_tag) VALUES ('Feral Sword-Bill Slash', 'Slashing', 'Bleed', '2d4', 'Beak');
INSERT OR IGNORE INTO Attack_Defs (name, category, effect, base_damage, anatomy_tag) VALUES ('Minor Macaw Crush', 'Blunt', 'None', '1d8', 'Beak');
INSERT OR IGNORE INTO Attack_Defs (name, category, effect, base_damage, anatomy_tag) VALUES ('Savage Macaw Crush', 'Blunt', 'None', '2d8', 'Beak');
INSERT OR IGNORE INTO Attack_Defs (name, category, effect, base_damage, anatomy_tag) VALUES ('Dire Macaw Crush', 'Blunt', 'None', '3d8', 'Beak');
INSERT OR IGNORE INTO Attack_Defs (name, category, effect, base_damage, anatomy_tag) VALUES ('Feral Macaw Crush', 'Blunt', 'None', '1d8', 'Beak');
INSERT OR IGNORE INTO Attack_Defs (name, category, effect, base_damage, anatomy_tag) VALUES ('Minor Gore', 'Piercing', 'Knockback', '1d8', 'Horns');
INSERT OR IGNORE INTO Attack_Defs (name, category, effect, base_damage, anatomy_tag) VALUES ('Savage Gore', 'Piercing', 'Knockback', '2d8', 'Horns');
INSERT OR IGNORE INTO Attack_Defs (name, category, effect, base_damage, anatomy_tag) VALUES ('Dire Gore', 'Piercing', 'Knockback', '3d8', 'Horns');
INSERT OR IGNORE INTO Attack_Defs (name, category, effect, base_damage, anatomy_tag) VALUES ('Feral Gore', 'Piercing', 'Knockback', '1d8', 'Horns');
INSERT OR IGNORE INTO Attack_Defs (name, category, effect, base_damage, anatomy_tag) VALUES ('Minor Horn Ram', 'Blunt', 'Stun', '1d4', 'Horns');
INSERT OR IGNORE INTO Attack_Defs (name, category, effect, base_damage, anatomy_tag) VALUES ('Savage Horn Ram', 'Blunt', 'Stun', '3d4', 'Horns');
INSERT OR IGNORE INTO Attack_Defs (name, category, effect, base_damage, anatomy_tag) VALUES ('Dire Horn Ram', 'Blunt', 'Stun', '4d4', 'Horns');
INSERT OR IGNORE INTO Attack_Defs (name, category, effect, base_damage, anatomy_tag) VALUES ('Feral Horn Ram', 'Blunt', 'Stun', '2d4', 'Horns');
INSERT OR IGNORE INTO Attack_Defs (name, category, effect, base_damage, anatomy_tag) VALUES ('Minor Rhino Charge', 'Blunt', 'Knockback', '1d8', 'Horns');
INSERT OR IGNORE INTO Attack_Defs (name, category, effect, base_damage, anatomy_tag) VALUES ('Savage Rhino Charge', 'Blunt', 'Knockback', '3d8', 'Horns');
INSERT OR IGNORE INTO Attack_Defs (name, category, effect, base_damage, anatomy_tag) VALUES ('Dire Rhino Charge', 'Blunt', 'Knockback', '4d8', 'Horns');
INSERT OR IGNORE INTO Attack_Defs (name, category, effect, base_damage, anatomy_tag) VALUES ('Feral Rhino Charge', 'Blunt', 'Knockback', '2d8', 'Horns');
INSERT OR IGNORE INTO Attack_Defs (name, category, effect, base_damage, anatomy_tag) VALUES ('Minor Antler Toss', 'Piercing', 'Knockback', '1d6', 'Antlers');
INSERT OR IGNORE INTO Attack_Defs (name, category, effect, base_damage, anatomy_tag) VALUES ('Savage Antler Toss', 'Piercing', 'Knockback', '2d6', 'Antlers');
INSERT OR IGNORE INTO Attack_Defs (name, category, effect, base_damage, anatomy_tag) VALUES ('Dire Antler Toss', 'Piercing', 'Knockback', '3d6', 'Antlers');
INSERT OR IGNORE INTO Attack_Defs (name, category, effect, base_damage, anatomy_tag) VALUES ('Feral Antler Toss', 'Piercing', 'Knockback', '1d6', 'Antlers');
INSERT OR IGNORE INTO Attack_Defs (name, category, effect, base_damage, anatomy_tag) VALUES ('Minor Tusk Slash', 'Slashing', 'Bleed', '1d8', 'Tusks');
INSERT OR IGNORE INTO Attack_Defs (name, category, effect, base_damage, anatomy_tag) VALUES ('Savage Tusk Slash', 'Slashing', 'Bleed', '2d8', 'Tusks');
INSERT OR IGNORE INTO Attack_Defs (name, category, effect, base_damage, anatomy_tag) VALUES ('Dire Tusk Slash', 'Slashing', 'Bleed', '3d8', 'Tusks');
INSERT OR IGNORE INTO Attack_Defs (name, category, effect, base_damage, anatomy_tag) VALUES ('Feral Tusk Slash', 'Slashing', 'Bleed', '1d8', 'Tusks');
INSERT OR IGNORE INTO Attack_Defs (name, category, effect, base_damage, anatomy_tag) VALUES ('Minor Spine Charge', 'Piercing', 'Bleed', '1d6', 'Spines_Quills');
INSERT OR IGNORE INTO Attack_Defs (name, category, effect, base_damage, anatomy_tag) VALUES ('Savage Spine Charge', 'Piercing', 'Bleed', '2d6', 'Spines_Quills');
INSERT OR IGNORE INTO Attack_Defs (name, category, effect, base_damage, anatomy_tag) VALUES ('Dire Spine Charge', 'Piercing', 'Bleed', '3d6', 'Spines_Quills');
INSERT OR IGNORE INTO Attack_Defs (name, category, effect, base_damage, anatomy_tag) VALUES ('Feral Spine Charge', 'Piercing', 'Bleed', '1d6', 'Spines_Quills');
INSERT OR IGNORE INTO Attack_Defs (name, category, effect, base_damage, anatomy_tag) VALUES ('Minor Quill Shoot', 'Piercing', 'None', '1d4', 'Spines_Quills');
INSERT OR IGNORE INTO Attack_Defs (name, category, effect, base_damage, anatomy_tag) VALUES ('Savage Quill Shoot', 'Piercing', 'None', '2d4', 'Spines_Quills');
INSERT OR IGNORE INTO Attack_Defs (name, category, effect, base_damage, anatomy_tag) VALUES ('Dire Quill Shoot', 'Piercing', 'None', '3d4', 'Spines_Quills');
INSERT OR IGNORE INTO Attack_Defs (name, category, effect, base_damage, anatomy_tag) VALUES ('Feral Quill Shoot', 'Piercing', 'None', '1d4', 'Spines_Quills');
INSERT OR IGNORE INTO Attack_Defs (name, category, effect, base_damage, anatomy_tag) VALUES ('Minor Barbed Harpoon', 'Piercing', 'Grapple', '1d8', 'Spines_Quills');
INSERT OR IGNORE INTO Attack_Defs (name, category, effect, base_damage, anatomy_tag) VALUES ('Savage Barbed Harpoon', 'Piercing', 'Grapple', '2d8', 'Spines_Quills');
INSERT OR IGNORE INTO Attack_Defs (name, category, effect, base_damage, anatomy_tag) VALUES ('Dire Barbed Harpoon', 'Piercing', 'Grapple', '3d8', 'Spines_Quills');
INSERT OR IGNORE INTO Attack_Defs (name, category, effect, base_damage, anatomy_tag) VALUES ('Feral Barbed Harpoon', 'Piercing', 'Grapple', '1d8', 'Spines_Quills');
INSERT OR IGNORE INTO Attack_Defs (name, category, effect, base_damage, anatomy_tag) VALUES ('Minor Scratch', 'Slashing', 'None', '1d4', 'Claws_Talons');
INSERT OR IGNORE INTO Attack_Defs (name, category, effect, base_damage, anatomy_tag) VALUES ('Savage Scratch', 'Slashing', 'None', '2d4', 'Claws_Talons');
INSERT OR IGNORE INTO Attack_Defs (name, category, effect, base_damage, anatomy_tag) VALUES ('Dire Scratch', 'Slashing', 'None', '3d4', 'Claws_Talons');
INSERT OR IGNORE INTO Attack_Defs (name, category, effect, base_damage, anatomy_tag) VALUES ('Feral Scratch', 'Slashing', 'None', '1d4', 'Claws_Talons');
INSERT OR IGNORE INTO Attack_Defs (name, category, effect, base_damage, anatomy_tag) VALUES ('Minor Claw', 'Slashing', 'Bleed', '1d6', 'Claws_Talons');
INSERT OR IGNORE INTO Attack_Defs (name, category, effect, base_damage, anatomy_tag) VALUES ('Savage Claw', 'Slashing', 'Bleed', '2d6', 'Claws_Talons');
INSERT OR IGNORE INTO Attack_Defs (name, category, effect, base_damage, anatomy_tag) VALUES ('Dire Claw', 'Slashing', 'Bleed', '3d6', 'Claws_Talons');
INSERT OR IGNORE INTO Attack_Defs (name, category, effect, base_damage, anatomy_tag) VALUES ('Feral Claw', 'Slashing', 'Bleed', '1d6', 'Claws_Talons');
INSERT OR IGNORE INTO Attack_Defs (name, category, effect, base_damage, anatomy_tag) VALUES ('Minor Talon', 'Slashing', 'Bleed', '1d6', 'Claws_Talons');
INSERT OR IGNORE INTO Attack_Defs (name, category, effect, base_damage, anatomy_tag) VALUES ('Savage Talon', 'Slashing', 'Bleed', '2d6', 'Claws_Talons');
INSERT OR IGNORE INTO Attack_Defs (name, category, effect, base_damage, anatomy_tag) VALUES ('Dire Talon', 'Slashing', 'Bleed', '3d6', 'Claws_Talons');
INSERT OR IGNORE INTO Attack_Defs (name, category, effect, base_damage, anatomy_tag) VALUES ('Feral Talon', 'Slashing', 'Bleed', '1d6', 'Claws_Talons');
INSERT OR IGNORE INTO Attack_Defs (name, category, effect, base_damage, anatomy_tag) VALUES ('Minor Rake', 'Shredding', 'Bleed', '1d4', 'Claws_Talons');
INSERT OR IGNORE INTO Attack_Defs (name, category, effect, base_damage, anatomy_tag) VALUES ('Savage Rake', 'Shredding', 'Bleed', '3d4', 'Claws_Talons');
INSERT OR IGNORE INTO Attack_Defs (name, category, effect, base_damage, anatomy_tag) VALUES ('Dire Rake', 'Shredding', 'Bleed', '4d4', 'Claws_Talons');
INSERT OR IGNORE INTO Attack_Defs (name, category, effect, base_damage, anatomy_tag) VALUES ('Feral Rake', 'Shredding', 'Bleed', '2d4', 'Claws_Talons');
INSERT OR IGNORE INTO Attack_Defs (name, category, effect, base_damage, anatomy_tag) VALUES ('Minor Swipe', 'Slashing', 'None', '1d6', 'Claws_Talons');
INSERT OR IGNORE INTO Attack_Defs (name, category, effect, base_damage, anatomy_tag) VALUES ('Savage Swipe', 'Slashing', 'None', '2d6', 'Claws_Talons');
INSERT OR IGNORE INTO Attack_Defs (name, category, effect, base_damage, anatomy_tag) VALUES ('Dire Swipe', 'Slashing', 'None', '3d6', 'Claws_Talons');
INSERT OR IGNORE INTO Attack_Defs (name, category, effect, base_damage, anatomy_tag) VALUES ('Feral Swipe', 'Slashing', 'None', '1d6', 'Claws_Talons');
INSERT OR IGNORE INTO Attack_Defs (name, category, effect, base_damage, anatomy_tag) VALUES ('Minor Eviscerate', 'Shredding', 'Bleed', '2d4', 'Claws_Talons');
INSERT OR IGNORE INTO Attack_Defs (name, category, effect, base_damage, anatomy_tag) VALUES ('Savage Eviscerate', 'Shredding', 'Bleed', '4d4', 'Claws_Talons');
INSERT OR IGNORE INTO Attack_Defs (name, category, effect, base_damage, anatomy_tag) VALUES ('Dire Eviscerate', 'Shredding', 'Bleed', '5d4', 'Claws_Talons');
INSERT OR IGNORE INTO Attack_Defs (name, category, effect, base_damage, anatomy_tag) VALUES ('Feral Eviscerate', 'Shredding', 'Bleed', '3d4', 'Claws_Talons');
INSERT OR IGNORE INTO Attack_Defs (name, category, effect, base_damage, anatomy_tag) VALUES ('Minor Mantis Scythe', 'Slashing', 'Bleed', '1d4', 'Pincers_Mandibles');
INSERT OR IGNORE INTO Attack_Defs (name, category, effect, base_damage, anatomy_tag) VALUES ('Savage Mantis Scythe', 'Slashing', 'Bleed', '3d4', 'Pincers_Mandibles');
INSERT OR IGNORE INTO Attack_Defs (name, category, effect, base_damage, anatomy_tag) VALUES ('Dire Mantis Scythe', 'Slashing', 'Bleed', '4d4', 'Pincers_Mandibles');
INSERT OR IGNORE INTO Attack_Defs (name, category, effect, base_damage, anatomy_tag) VALUES ('Feral Mantis Scythe', 'Slashing', 'Bleed', '2d4', 'Pincers_Mandibles');
INSERT OR IGNORE INTO Attack_Defs (name, category, effect, base_damage, anatomy_tag) VALUES ('Minor Pincer Snipe', 'Slashing', 'None', '1d6', 'Pincers_Mandibles');
INSERT OR IGNORE INTO Attack_Defs (name, category, effect, base_damage, anatomy_tag) VALUES ('Savage Pincer Snipe', 'Slashing', 'None', '2d6', 'Pincers_Mandibles');
INSERT OR IGNORE INTO Attack_Defs (name, category, effect, base_damage, anatomy_tag) VALUES ('Dire Pincer Snipe', 'Slashing', 'None', '3d6', 'Pincers_Mandibles');
INSERT OR IGNORE INTO Attack_Defs (name, category, effect, base_damage, anatomy_tag) VALUES ('Feral Pincer Snipe', 'Slashing', 'None', '1d6', 'Pincers_Mandibles');
INSERT OR IGNORE INTO Attack_Defs (name, category, effect, base_damage, anatomy_tag) VALUES ('Minor Crab Pinch', 'Blunt', 'Grapple', '1d4', 'Pincers_Mandibles');
INSERT OR IGNORE INTO Attack_Defs (name, category, effect, base_damage, anatomy_tag) VALUES ('Savage Crab Pinch', 'Blunt', 'Grapple', '2d4', 'Pincers_Mandibles');
INSERT OR IGNORE INTO Attack_Defs (name, category, effect, base_damage, anatomy_tag) VALUES ('Dire Crab Pinch', 'Blunt', 'Grapple', '3d4', 'Pincers_Mandibles');
INSERT OR IGNORE INTO Attack_Defs (name, category, effect, base_damage, anatomy_tag) VALUES ('Feral Crab Pinch', 'Blunt', 'Grapple', '1d4', 'Pincers_Mandibles');
INSERT OR IGNORE INTO Attack_Defs (name, category, effect, base_damage, anatomy_tag) VALUES ('Minor Raptorial Grasp', 'Piercing', 'Grapple', '1d6', 'Pincers_Mandibles');
INSERT OR IGNORE INTO Attack_Defs (name, category, effect, base_damage, anatomy_tag) VALUES ('Savage Raptorial Grasp', 'Piercing', 'Grapple', '2d6', 'Pincers_Mandibles');
INSERT OR IGNORE INTO Attack_Defs (name, category, effect, base_damage, anatomy_tag) VALUES ('Dire Raptorial Grasp', 'Piercing', 'Grapple', '3d6', 'Pincers_Mandibles');
INSERT OR IGNORE INTO Attack_Defs (name, category, effect, base_damage, anatomy_tag) VALUES ('Feral Raptorial Grasp', 'Piercing', 'Grapple', '1d6', 'Pincers_Mandibles');
INSERT OR IGNORE INTO Attack_Defs (name, category, effect, base_damage, anatomy_tag) VALUES ('Minor Mandible Pinch', 'Shredding', 'Bleed', '1d4', 'Pincers_Mandibles');
INSERT OR IGNORE INTO Attack_Defs (name, category, effect, base_damage, anatomy_tag) VALUES ('Savage Mandible Pinch', 'Shredding', 'Bleed', '2d4', 'Pincers_Mandibles');
INSERT OR IGNORE INTO Attack_Defs (name, category, effect, base_damage, anatomy_tag) VALUES ('Dire Mandible Pinch', 'Shredding', 'Bleed', '3d4', 'Pincers_Mandibles');
INSERT OR IGNORE INTO Attack_Defs (name, category, effect, base_damage, anatomy_tag) VALUES ('Feral Mandible Pinch', 'Shredding', 'Bleed', '1d4', 'Pincers_Mandibles');
INSERT OR IGNORE INTO Attack_Defs (name, category, effect, base_damage, anatomy_tag) VALUES ('Minor Pounce', 'Blunt', 'Knockback', '1d6', 'Paws_Pads');
INSERT OR IGNORE INTO Attack_Defs (name, category, effect, base_damage, anatomy_tag) VALUES ('Savage Pounce', 'Blunt', 'Knockback', '2d6', 'Paws_Pads');
INSERT OR IGNORE INTO Attack_Defs (name, category, effect, base_damage, anatomy_tag) VALUES ('Dire Pounce', 'Blunt', 'Knockback', '3d6', 'Paws_Pads');
INSERT OR IGNORE INTO Attack_Defs (name, category, effect, base_damage, anatomy_tag) VALUES ('Feral Pounce', 'Blunt', 'Knockback', '1d6', 'Paws_Pads');
INSERT OR IGNORE INTO Attack_Defs (name, category, effect, base_damage, anatomy_tag) VALUES ('Minor Paw Strike', 'Blunt', 'None', '1d4', 'Paws_Pads');
INSERT OR IGNORE INTO Attack_Defs (name, category, effect, base_damage, anatomy_tag) VALUES ('Savage Paw Strike', 'Blunt', 'None', '2d4', 'Paws_Pads');
INSERT OR IGNORE INTO Attack_Defs (name, category, effect, base_damage, anatomy_tag) VALUES ('Dire Paw Strike', 'Blunt', 'None', '3d4', 'Paws_Pads');
INSERT OR IGNORE INTO Attack_Defs (name, category, effect, base_damage, anatomy_tag) VALUES ('Feral Paw Strike', 'Blunt', 'None', '1d4', 'Paws_Pads');
INSERT OR IGNORE INTO Attack_Defs (name, category, effect, base_damage, anatomy_tag) VALUES ('Minor Slam', 'Blunt', 'Stun', '1d6', 'Legs_Bones');
INSERT OR IGNORE INTO Attack_Defs (name, category, effect, base_damage, anatomy_tag) VALUES ('Savage Slam', 'Blunt', 'Stun', '2d6', 'Legs_Bones');
INSERT OR IGNORE INTO Attack_Defs (name, category, effect, base_damage, anatomy_tag) VALUES ('Dire Slam', 'Blunt', 'Stun', '3d6', 'Legs_Bones');
INSERT OR IGNORE INTO Attack_Defs (name, category, effect, base_damage, anatomy_tag) VALUES ('Feral Slam', 'Blunt', 'Stun', '1d6', 'Legs_Bones');
INSERT OR IGNORE INTO Attack_Defs (name, category, effect, base_damage, anatomy_tag) VALUES ('Minor Kick', 'Blunt', 'Knockback', '1d6', 'Legs_Bones');
INSERT OR IGNORE INTO Attack_Defs (name, category, effect, base_damage, anatomy_tag) VALUES ('Savage Kick', 'Blunt', 'Knockback', '2d6', 'Legs_Bones');
INSERT OR IGNORE INTO Attack_Defs (name, category, effect, base_damage, anatomy_tag) VALUES ('Dire Kick', 'Blunt', 'Knockback', '3d6', 'Legs_Bones');
INSERT OR IGNORE INTO Attack_Defs (name, category, effect, base_damage, anatomy_tag) VALUES ('Feral Kick', 'Blunt', 'Knockback', '1d6', 'Legs_Bones');
INSERT OR IGNORE INTO Attack_Defs (name, category, effect, base_damage, anatomy_tag) VALUES ('Minor Hind Kick', 'Blunt', 'Knockback', '1d6', 'Legs_Bones');
INSERT OR IGNORE INTO Attack_Defs (name, category, effect, base_damage, anatomy_tag) VALUES ('Savage Hind Kick', 'Blunt', 'Knockback', '3d6', 'Legs_Bones');
INSERT OR IGNORE INTO Attack_Defs (name, category, effect, base_damage, anatomy_tag) VALUES ('Dire Hind Kick', 'Blunt', 'Knockback', '4d6', 'Legs_Bones');
INSERT OR IGNORE INTO Attack_Defs (name, category, effect, base_damage, anatomy_tag) VALUES ('Feral Hind Kick', 'Blunt', 'Knockback', '2d6', 'Legs_Bones');
INSERT OR IGNORE INTO Attack_Defs (name, category, effect, base_damage, anatomy_tag) VALUES ('Minor Kangaroo Box', 'Blunt', 'Stun', '1d6', 'Legs_Bones');
INSERT OR IGNORE INTO Attack_Defs (name, category, effect, base_damage, anatomy_tag) VALUES ('Savage Kangaroo Box', 'Blunt', 'Stun', '2d6', 'Legs_Bones');
INSERT OR IGNORE INTO Attack_Defs (name, category, effect, base_damage, anatomy_tag) VALUES ('Dire Kangaroo Box', 'Blunt', 'Stun', '3d6', 'Legs_Bones');
INSERT OR IGNORE INTO Attack_Defs (name, category, effect, base_damage, anatomy_tag) VALUES ('Feral Kangaroo Box', 'Blunt', 'Stun', '1d6', 'Legs_Bones');
INSERT OR IGNORE INTO Attack_Defs (name, category, effect, base_damage, anatomy_tag) VALUES ('Minor Hoof Stomp', 'Blunt', 'None', '1d8', 'Hooves');
INSERT OR IGNORE INTO Attack_Defs (name, category, effect, base_damage, anatomy_tag) VALUES ('Savage Hoof Stomp', 'Blunt', 'None', '2d8', 'Hooves');
INSERT OR IGNORE INTO Attack_Defs (name, category, effect, base_damage, anatomy_tag) VALUES ('Dire Hoof Stomp', 'Blunt', 'None', '3d8', 'Hooves');
INSERT OR IGNORE INTO Attack_Defs (name, category, effect, base_damage, anatomy_tag) VALUES ('Feral Hoof Stomp', 'Blunt', 'None', '1d8', 'Hooves');
INSERT OR IGNORE INTO Attack_Defs (name, category, effect, base_damage, anatomy_tag) VALUES ('Minor Trample', 'Blunt', 'Knockback', '1d6', 'Hooves');
INSERT OR IGNORE INTO Attack_Defs (name, category, effect, base_damage, anatomy_tag) VALUES ('Savage Trample', 'Blunt', 'Knockback', '3d6', 'Hooves');
INSERT OR IGNORE INTO Attack_Defs (name, category, effect, base_damage, anatomy_tag) VALUES ('Dire Trample', 'Blunt', 'Knockback', '4d6', 'Hooves');
INSERT OR IGNORE INTO Attack_Defs (name, category, effect, base_damage, anatomy_tag) VALUES ('Feral Trample', 'Blunt', 'Knockback', '2d6', 'Hooves');
INSERT OR IGNORE INTO Attack_Defs (name, category, effect, base_damage, anatomy_tag) VALUES ('Minor Headbutt', 'Blunt', 'Stun', '1d8', 'Skull_Head');
INSERT OR IGNORE INTO Attack_Defs (name, category, effect, base_damage, anatomy_tag) VALUES ('Savage Headbutt', 'Blunt', 'Stun', '2d8', 'Skull_Head');
INSERT OR IGNORE INTO Attack_Defs (name, category, effect, base_damage, anatomy_tag) VALUES ('Dire Headbutt', 'Blunt', 'Stun', '3d8', 'Skull_Head');
INSERT OR IGNORE INTO Attack_Defs (name, category, effect, base_damage, anatomy_tag) VALUES ('Feral Headbutt', 'Blunt', 'Stun', '1d8', 'Skull_Head');
INSERT OR IGNORE INTO Attack_Defs (name, category, effect, base_damage, anatomy_tag) VALUES ('Minor Body Slam', 'Blunt', 'Knockback', '1d4', 'Meat_Muscle');
INSERT OR IGNORE INTO Attack_Defs (name, category, effect, base_damage, anatomy_tag) VALUES ('Savage Body Slam', 'Blunt', 'Knockback', '3d4', 'Meat_Muscle');
INSERT OR IGNORE INTO Attack_Defs (name, category, effect, base_damage, anatomy_tag) VALUES ('Dire Body Slam', 'Blunt', 'Knockback', '4d4', 'Meat_Muscle');
INSERT OR IGNORE INTO Attack_Defs (name, category, effect, base_damage, anatomy_tag) VALUES ('Feral Body Slam', 'Blunt', 'Knockback', '2d4', 'Meat_Muscle');
INSERT OR IGNORE INTO Attack_Defs (name, category, effect, base_damage, anatomy_tag) VALUES ('Minor Roll Attack', 'Blunt', 'Knockback', '1d6', 'Scales_Carapace');
INSERT OR IGNORE INTO Attack_Defs (name, category, effect, base_damage, anatomy_tag) VALUES ('Savage Roll Attack', 'Blunt', 'Knockback', '2d6', 'Scales_Carapace');
INSERT OR IGNORE INTO Attack_Defs (name, category, effect, base_damage, anatomy_tag) VALUES ('Dire Roll Attack', 'Blunt', 'Knockback', '3d6', 'Scales_Carapace');
INSERT OR IGNORE INTO Attack_Defs (name, category, effect, base_damage, anatomy_tag) VALUES ('Feral Roll Attack', 'Blunt', 'Knockback', '1d6', 'Scales_Carapace');
INSERT OR IGNORE INTO Attack_Defs (name, category, effect, base_damage, anatomy_tag) VALUES ('Minor Death Roll', 'Shredding', 'Grapple', '1d8', 'Meat_Muscle');
INSERT OR IGNORE INTO Attack_Defs (name, category, effect, base_damage, anatomy_tag) VALUES ('Savage Death Roll', 'Shredding', 'Grapple', '3d8', 'Meat_Muscle');
INSERT OR IGNORE INTO Attack_Defs (name, category, effect, base_damage, anatomy_tag) VALUES ('Dire Death Roll', 'Shredding', 'Grapple', '4d8', 'Meat_Muscle');
INSERT OR IGNORE INTO Attack_Defs (name, category, effect, base_damage, anatomy_tag) VALUES ('Feral Death Roll', 'Shredding', 'Grapple', '2d8', 'Meat_Muscle');
INSERT OR IGNORE INTO Attack_Defs (name, category, effect, base_damage, anatomy_tag) VALUES ('Minor Tail Whip', 'Blunt', 'Knockback', '1d8', 'Tail');
INSERT OR IGNORE INTO Attack_Defs (name, category, effect, base_damage, anatomy_tag) VALUES ('Savage Tail Whip', 'Blunt', 'Knockback', '2d8', 'Tail');
INSERT OR IGNORE INTO Attack_Defs (name, category, effect, base_damage, anatomy_tag) VALUES ('Dire Tail Whip', 'Blunt', 'Knockback', '3d8', 'Tail');
INSERT OR IGNORE INTO Attack_Defs (name, category, effect, base_damage, anatomy_tag) VALUES ('Feral Tail Whip', 'Blunt', 'Knockback', '1d8', 'Tail');
INSERT OR IGNORE INTO Attack_Defs (name, category, effect, base_damage, anatomy_tag) VALUES ('Minor Tail Club', 'Blunt', 'Stun', '1d6', 'Tail');
INSERT OR IGNORE INTO Attack_Defs (name, category, effect, base_damage, anatomy_tag) VALUES ('Savage Tail Club', 'Blunt', 'Stun', '3d6', 'Tail');
INSERT OR IGNORE INTO Attack_Defs (name, category, effect, base_damage, anatomy_tag) VALUES ('Dire Tail Club', 'Blunt', 'Stun', '4d6', 'Tail');
INSERT OR IGNORE INTO Attack_Defs (name, category, effect, base_damage, anatomy_tag) VALUES ('Feral Tail Club', 'Blunt', 'Stun', '2d6', 'Tail');
INSERT OR IGNORE INTO Attack_Defs (name, category, effect, base_damage, anatomy_tag) VALUES ('Minor Thresher Slap', 'Slashing', 'Stun', '1d8', 'Tail');
INSERT OR IGNORE INTO Attack_Defs (name, category, effect, base_damage, anatomy_tag) VALUES ('Savage Thresher Slap', 'Slashing', 'Stun', '2d8', 'Tail');
INSERT OR IGNORE INTO Attack_Defs (name, category, effect, base_damage, anatomy_tag) VALUES ('Dire Thresher Slap', 'Slashing', 'Stun', '3d8', 'Tail');
INSERT OR IGNORE INTO Attack_Defs (name, category, effect, base_damage, anatomy_tag) VALUES ('Feral Thresher Slap', 'Slashing', 'Stun', '1d8', 'Tail');
INSERT OR IGNORE INTO Attack_Defs (name, category, effect, base_damage, anatomy_tag) VALUES ('Minor Fluke Smash', 'Blunt', 'Knockback', '2d6', 'Fins_Flukes');
INSERT OR IGNORE INTO Attack_Defs (name, category, effect, base_damage, anatomy_tag) VALUES ('Savage Fluke Smash', 'Blunt', 'Knockback', '4d6', 'Fins_Flukes');
INSERT OR IGNORE INTO Attack_Defs (name, category, effect, base_damage, anatomy_tag) VALUES ('Dire Fluke Smash', 'Blunt', 'Knockback', '5d6', 'Fins_Flukes');
INSERT OR IGNORE INTO Attack_Defs (name, category, effect, base_damage, anatomy_tag) VALUES ('Feral Fluke Smash', 'Blunt', 'Knockback', '3d6', 'Fins_Flukes');
INSERT OR IGNORE INTO Attack_Defs (name, category, effect, base_damage, anatomy_tag) VALUES ('Minor Spiked Tail', 'Piercing', 'Bleed', '1d8', 'Tail');
INSERT OR IGNORE INTO Attack_Defs (name, category, effect, base_damage, anatomy_tag) VALUES ('Savage Spiked Tail', 'Piercing', 'Bleed', '2d8', 'Tail');
INSERT OR IGNORE INTO Attack_Defs (name, category, effect, base_damage, anatomy_tag) VALUES ('Dire Spiked Tail', 'Piercing', 'Bleed', '3d8', 'Tail');
INSERT OR IGNORE INTO Attack_Defs (name, category, effect, base_damage, anatomy_tag) VALUES ('Feral Spiked Tail', 'Piercing', 'Bleed', '1d8', 'Tail');
INSERT OR IGNORE INTO Attack_Defs (name, category, effect, base_damage, anatomy_tag) VALUES ('Minor Tentacle Lash', 'Blunt', 'None', '1d6', 'Tentacles');
INSERT OR IGNORE INTO Attack_Defs (name, category, effect, base_damage, anatomy_tag) VALUES ('Savage Tentacle Lash', 'Blunt', 'None', '2d6', 'Tentacles');
INSERT OR IGNORE INTO Attack_Defs (name, category, effect, base_damage, anatomy_tag) VALUES ('Dire Tentacle Lash', 'Blunt', 'None', '3d6', 'Tentacles');
INSERT OR IGNORE INTO Attack_Defs (name, category, effect, base_damage, anatomy_tag) VALUES ('Feral Tentacle Lash', 'Blunt', 'None', '1d6', 'Tentacles');
INSERT OR IGNORE INTO Attack_Defs (name, category, effect, base_damage, anatomy_tag) VALUES ('Minor Suction Grip', 'Blunt', 'Grapple', '1d4', 'Tentacles');
INSERT OR IGNORE INTO Attack_Defs (name, category, effect, base_damage, anatomy_tag) VALUES ('Savage Suction Grip', 'Blunt', 'Grapple', '2d4', 'Tentacles');
INSERT OR IGNORE INTO Attack_Defs (name, category, effect, base_damage, anatomy_tag) VALUES ('Dire Suction Grip', 'Blunt', 'Grapple', '3d4', 'Tentacles');
INSERT OR IGNORE INTO Attack_Defs (name, category, effect, base_damage, anatomy_tag) VALUES ('Feral Suction Grip', 'Blunt', 'Grapple', '1d4', 'Tentacles');
INSERT OR IGNORE INTO Attack_Defs (name, category, effect, base_damage, anatomy_tag) VALUES ('Minor Nematocyst Lash', 'Chemical', 'Burn', '1d4', 'Tentacles');
INSERT OR IGNORE INTO Attack_Defs (name, category, effect, base_damage, anatomy_tag) VALUES ('Savage Nematocyst Lash', 'Chemical', 'Burn', '2d4', 'Tentacles');
INSERT OR IGNORE INTO Attack_Defs (name, category, effect, base_damage, anatomy_tag) VALUES ('Dire Nematocyst Lash', 'Chemical', 'Burn', '3d4', 'Tentacles');
INSERT OR IGNORE INTO Attack_Defs (name, category, effect, base_damage, anatomy_tag) VALUES ('Feral Nematocyst Lash', 'Chemical', 'Burn', '1d4', 'Tentacles');
INSERT OR IGNORE INTO Attack_Defs (name, category, effect, base_damage, anatomy_tag) VALUES ('Minor Constrict', 'Blunt', 'Slow', '1d8', 'Meat_Muscle');
INSERT OR IGNORE INTO Attack_Defs (name, category, effect, base_damage, anatomy_tag) VALUES ('Savage Constrict', 'Blunt', 'Slow', '2d8', 'Meat_Muscle');
INSERT OR IGNORE INTO Attack_Defs (name, category, effect, base_damage, anatomy_tag) VALUES ('Dire Constrict', 'Blunt', 'Slow', '3d8', 'Meat_Muscle');
INSERT OR IGNORE INTO Attack_Defs (name, category, effect, base_damage, anatomy_tag) VALUES ('Feral Constrict', 'Blunt', 'Slow', '1d8', 'Meat_Muscle');
INSERT OR IGNORE INTO Attack_Defs (name, category, effect, base_damage, anatomy_tag) VALUES ('Minor Python Squeeze', 'Blunt', 'Grapple', '1d6', 'Meat_Muscle');
INSERT OR IGNORE INTO Attack_Defs (name, category, effect, base_damage, anatomy_tag) VALUES ('Savage Python Squeeze', 'Blunt', 'Grapple', '3d6', 'Meat_Muscle');
INSERT OR IGNORE INTO Attack_Defs (name, category, effect, base_damage, anatomy_tag) VALUES ('Dire Python Squeeze', 'Blunt', 'Grapple', '4d6', 'Meat_Muscle');
INSERT OR IGNORE INTO Attack_Defs (name, category, effect, base_damage, anatomy_tag) VALUES ('Feral Python Squeeze', 'Blunt', 'Grapple', '2d6', 'Meat_Muscle');
INSERT OR IGNORE INTO Attack_Defs (name, category, effect, base_damage, anatomy_tag) VALUES ('Minor Wing Buffet', 'Blunt', 'Knockback', '1d4', 'Wings_Feathered');
INSERT OR IGNORE INTO Attack_Defs (name, category, effect, base_damage, anatomy_tag) VALUES ('Savage Wing Buffet', 'Blunt', 'Knockback', '2d4', 'Wings_Feathered');
INSERT OR IGNORE INTO Attack_Defs (name, category, effect, base_damage, anatomy_tag) VALUES ('Dire Wing Buffet', 'Blunt', 'Knockback', '3d4', 'Wings_Feathered');
INSERT OR IGNORE INTO Attack_Defs (name, category, effect, base_damage, anatomy_tag) VALUES ('Feral Wing Buffet', 'Blunt', 'Knockback', '1d4', 'Wings_Feathered');
INSERT OR IGNORE INTO Attack_Defs (name, category, effect, base_damage, anatomy_tag) VALUES ('Minor Dive Bomb', 'Blunt', 'Stun', '1d6', 'Wings_Feathered');
INSERT OR IGNORE INTO Attack_Defs (name, category, effect, base_damage, anatomy_tag) VALUES ('Savage Dive Bomb', 'Blunt', 'Stun', '3d6', 'Wings_Feathered');
INSERT OR IGNORE INTO Attack_Defs (name, category, effect, base_damage, anatomy_tag) VALUES ('Dire Dive Bomb', 'Blunt', 'Stun', '4d6', 'Wings_Feathered');
INSERT OR IGNORE INTO Attack_Defs (name, category, effect, base_damage, anatomy_tag) VALUES ('Feral Dive Bomb', 'Blunt', 'Stun', '2d6', 'Wings_Feathered');
INSERT OR IGNORE INTO Attack_Defs (name, category, effect, base_damage, anatomy_tag) VALUES ('Minor Swan Strike', 'Blunt', 'None', '1d6', 'Wings_Feathered');
INSERT OR IGNORE INTO Attack_Defs (name, category, effect, base_damage, anatomy_tag) VALUES ('Savage Swan Strike', 'Blunt', 'None', '2d6', 'Wings_Feathered');
INSERT OR IGNORE INTO Attack_Defs (name, category, effect, base_damage, anatomy_tag) VALUES ('Dire Swan Strike', 'Blunt', 'None', '3d6', 'Wings_Feathered');
INSERT OR IGNORE INTO Attack_Defs (name, category, effect, base_damage, anatomy_tag) VALUES ('Feral Swan Strike', 'Blunt', 'None', '1d6', 'Wings_Feathered');
INSERT OR IGNORE INTO Attack_Defs (name, category, effect, base_damage, anatomy_tag) VALUES ('Minor Leathery Wing Buffet', 'Blunt', 'Knockback', '1d6', 'Wings_Membranous');
INSERT OR IGNORE INTO Attack_Defs (name, category, effect, base_damage, anatomy_tag) VALUES ('Savage Leathery Wing Buffet', 'Blunt', 'Knockback', '2d6', 'Wings_Membranous');
INSERT OR IGNORE INTO Attack_Defs (name, category, effect, base_damage, anatomy_tag) VALUES ('Dire Leathery Wing Buffet', 'Blunt', 'Knockback', '3d6', 'Wings_Membranous');
INSERT OR IGNORE INTO Attack_Defs (name, category, effect, base_damage, anatomy_tag) VALUES ('Feral Leathery Wing Buffet', 'Blunt', 'Knockback', '1d6', 'Wings_Membranous');
INSERT OR IGNORE INTO Attack_Defs (name, category, effect, base_damage, anatomy_tag) VALUES ('Minor Fin Slash', 'Slashing', 'None', '1d6', 'Fins_Flukes');
INSERT OR IGNORE INTO Attack_Defs (name, category, effect, base_damage, anatomy_tag) VALUES ('Savage Fin Slash', 'Slashing', 'None', '2d6', 'Fins_Flukes');
INSERT OR IGNORE INTO Attack_Defs (name, category, effect, base_damage, anatomy_tag) VALUES ('Dire Fin Slash', 'Slashing', 'None', '3d6', 'Fins_Flukes');
INSERT OR IGNORE INTO Attack_Defs (name, category, effect, base_damage, anatomy_tag) VALUES ('Feral Fin Slash', 'Slashing', 'None', '1d6', 'Fins_Flukes');
INSERT OR IGNORE INTO Attack_Defs (name, category, effect, base_damage, anatomy_tag) VALUES ('Minor Sting', 'Piercing', 'Poison', '1d4', 'Stinger_Spur');
INSERT OR IGNORE INTO Attack_Defs (name, category, effect, base_damage, anatomy_tag) VALUES ('Savage Sting', 'Piercing', 'Poison', '2d4', 'Stinger_Spur');
INSERT OR IGNORE INTO Attack_Defs (name, category, effect, base_damage, anatomy_tag) VALUES ('Dire Sting', 'Piercing', 'Poison', '3d4', 'Stinger_Spur');
INSERT OR IGNORE INTO Attack_Defs (name, category, effect, base_damage, anatomy_tag) VALUES ('Feral Sting', 'Piercing', 'Poison', '1d4', 'Stinger_Spur');
INSERT OR IGNORE INTO Attack_Defs (name, category, effect, base_damage, anatomy_tag) VALUES ('Minor Barbed Sting', 'Piercing', 'Bleed', '1d6', 'Stinger_Spur');
INSERT OR IGNORE INTO Attack_Defs (name, category, effect, base_damage, anatomy_tag) VALUES ('Savage Barbed Sting', 'Piercing', 'Bleed', '2d6', 'Stinger_Spur');
INSERT OR IGNORE INTO Attack_Defs (name, category, effect, base_damage, anatomy_tag) VALUES ('Dire Barbed Sting', 'Piercing', 'Bleed', '3d6', 'Stinger_Spur');
INSERT OR IGNORE INTO Attack_Defs (name, category, effect, base_damage, anatomy_tag) VALUES ('Feral Barbed Sting', 'Piercing', 'Bleed', '1d6', 'Stinger_Spur');
INSERT OR IGNORE INTO Attack_Defs (name, category, effect, base_damage, anatomy_tag) VALUES ('Minor Neurotoxic Sting', 'Chemical', 'Paralysis', '1d8', 'Stinger_Spur');
INSERT OR IGNORE INTO Attack_Defs (name, category, effect, base_damage, anatomy_tag) VALUES ('Savage Neurotoxic Sting', 'Chemical', 'Paralysis', '2d8', 'Stinger_Spur');
INSERT OR IGNORE INTO Attack_Defs (name, category, effect, base_damage, anatomy_tag) VALUES ('Dire Neurotoxic Sting', 'Chemical', 'Paralysis', '3d8', 'Stinger_Spur');
INSERT OR IGNORE INTO Attack_Defs (name, category, effect, base_damage, anatomy_tag) VALUES ('Feral Neurotoxic Sting', 'Chemical', 'Paralysis', '1d8', 'Stinger_Spur');
INSERT OR IGNORE INTO Attack_Defs (name, category, effect, base_damage, anatomy_tag) VALUES ('Minor Venom Spur', 'Piercing', 'Poison', '1d6', 'Stinger_Spur');
INSERT OR IGNORE INTO Attack_Defs (name, category, effect, base_damage, anatomy_tag) VALUES ('Savage Venom Spur', 'Piercing', 'Poison', '2d6', 'Stinger_Spur');
INSERT OR IGNORE INTO Attack_Defs (name, category, effect, base_damage, anatomy_tag) VALUES ('Dire Venom Spur', 'Piercing', 'Poison', '3d6', 'Stinger_Spur');
INSERT OR IGNORE INTO Attack_Defs (name, category, effect, base_damage, anatomy_tag) VALUES ('Feral Venom Spur', 'Piercing', 'Poison', '1d6', 'Stinger_Spur');
INSERT OR IGNORE INTO Attack_Defs (name, category, effect, base_damage, anatomy_tag) VALUES ('Minor Acid Spray', 'Chemical', 'Burn', '1d4', 'Internal_Gland');
INSERT OR IGNORE INTO Attack_Defs (name, category, effect, base_damage, anatomy_tag) VALUES ('Savage Acid Spray', 'Chemical', 'Burn', '3d4', 'Internal_Gland');
INSERT OR IGNORE INTO Attack_Defs (name, category, effect, base_damage, anatomy_tag) VALUES ('Dire Acid Spray', 'Chemical', 'Burn', '4d4', 'Internal_Gland');
INSERT OR IGNORE INTO Attack_Defs (name, category, effect, base_damage, anatomy_tag) VALUES ('Feral Acid Spray', 'Chemical', 'Burn', '2d4', 'Internal_Gland');
INSERT OR IGNORE INTO Attack_Defs (name, category, effect, base_damage, anatomy_tag) VALUES ('Minor Venom Spit', 'Chemical', 'Blind', '1d6', 'Internal_Gland');
INSERT OR IGNORE INTO Attack_Defs (name, category, effect, base_damage, anatomy_tag) VALUES ('Savage Venom Spit', 'Chemical', 'Blind', '2d6', 'Internal_Gland');
INSERT OR IGNORE INTO Attack_Defs (name, category, effect, base_damage, anatomy_tag) VALUES ('Dire Venom Spit', 'Chemical', 'Blind', '3d6', 'Internal_Gland');
INSERT OR IGNORE INTO Attack_Defs (name, category, effect, base_damage, anatomy_tag) VALUES ('Feral Venom Spit', 'Chemical', 'Blind', '1d6', 'Internal_Gland');
INSERT OR IGNORE INTO Attack_Defs (name, category, effect, base_damage, anatomy_tag) VALUES ('Minor Ink Cloud', 'Chemical', 'Blind', '0', 'Internal_Gland');
INSERT OR IGNORE INTO Attack_Defs (name, category, effect, base_damage, anatomy_tag) VALUES ('Savage Ink Cloud', 'Chemical', 'Blind', '0', 'Internal_Gland');
INSERT OR IGNORE INTO Attack_Defs (name, category, effect, base_damage, anatomy_tag) VALUES ('Dire Ink Cloud', 'Chemical', 'Blind', '0', 'Internal_Gland');
INSERT OR IGNORE INTO Attack_Defs (name, category, effect, base_damage, anatomy_tag) VALUES ('Feral Ink Cloud', 'Chemical', 'Blind', '0', 'Internal_Gland');
INSERT OR IGNORE INTO Attack_Defs (name, category, effect, base_damage, anatomy_tag) VALUES ('Minor Skunk Musk', 'Chemical', 'Nausea', '1d2', 'Internal_Gland');
INSERT OR IGNORE INTO Attack_Defs (name, category, effect, base_damage, anatomy_tag) VALUES ('Savage Skunk Musk', 'Chemical', 'Nausea', '2d2', 'Internal_Gland');
INSERT OR IGNORE INTO Attack_Defs (name, category, effect, base_damage, anatomy_tag) VALUES ('Dire Skunk Musk', 'Chemical', 'Nausea', '3d2', 'Internal_Gland');
INSERT OR IGNORE INTO Attack_Defs (name, category, effect, base_damage, anatomy_tag) VALUES ('Feral Skunk Musk', 'Chemical', 'Nausea', '1d2', 'Internal_Gland');
INSERT OR IGNORE INTO Attack_Defs (name, category, effect, base_damage, anatomy_tag) VALUES ('Minor Blood Squirt', 'Chemical', 'Blind', '0', 'Blood');
INSERT OR IGNORE INTO Attack_Defs (name, category, effect, base_damage, anatomy_tag) VALUES ('Savage Blood Squirt', 'Chemical', 'Blind', '0', 'Blood');
INSERT OR IGNORE INTO Attack_Defs (name, category, effect, base_damage, anatomy_tag) VALUES ('Dire Blood Squirt', 'Chemical', 'Blind', '0', 'Blood');
INSERT OR IGNORE INTO Attack_Defs (name, category, effect, base_damage, anatomy_tag) VALUES ('Feral Blood Squirt', 'Chemical', 'Blind', '0', 'Blood');
INSERT OR IGNORE INTO Attack_Defs (name, category, effect, base_damage, anatomy_tag) VALUES ('Minor Boiling Fluid', 'Chemical', 'Burn', '1d6', 'Internal_Gland');
INSERT OR IGNORE INTO Attack_Defs (name, category, effect, base_damage, anatomy_tag) VALUES ('Savage Boiling Fluid', 'Chemical', 'Burn', '3d6', 'Internal_Gland');
INSERT OR IGNORE INTO Attack_Defs (name, category, effect, base_damage, anatomy_tag) VALUES ('Dire Boiling Fluid', 'Chemical', 'Burn', '4d6', 'Internal_Gland');
INSERT OR IGNORE INTO Attack_Defs (name, category, effect, base_damage, anatomy_tag) VALUES ('Feral Boiling Fluid', 'Chemical', 'Burn', '2d6', 'Internal_Gland');
INSERT OR IGNORE INTO Attack_Defs (name, category, effect, base_damage, anatomy_tag) VALUES ('Minor Toxic Spores', 'Chemical', 'Poison', '1d4', 'Internal_Gland');
INSERT OR IGNORE INTO Attack_Defs (name, category, effect, base_damage, anatomy_tag) VALUES ('Savage Toxic Spores', 'Chemical', 'Poison', '2d4', 'Internal_Gland');
INSERT OR IGNORE INTO Attack_Defs (name, category, effect, base_damage, anatomy_tag) VALUES ('Dire Toxic Spores', 'Chemical', 'Poison', '3d4', 'Internal_Gland');
INSERT OR IGNORE INTO Attack_Defs (name, category, effect, base_damage, anatomy_tag) VALUES ('Feral Toxic Spores', 'Chemical', 'Poison', '1d4', 'Internal_Gland');
INSERT OR IGNORE INTO Attack_Defs (name, category, effect, base_damage, anatomy_tag) VALUES ('Minor Web Shoot', 'Chemical', 'Slow', '0', 'Internal_Gland');
INSERT OR IGNORE INTO Attack_Defs (name, category, effect, base_damage, anatomy_tag) VALUES ('Savage Web Shoot', 'Chemical', 'Slow', '0', 'Internal_Gland');
INSERT OR IGNORE INTO Attack_Defs (name, category, effect, base_damage, anatomy_tag) VALUES ('Dire Web Shoot', 'Chemical', 'Slow', '0', 'Internal_Gland');
INSERT OR IGNORE INTO Attack_Defs (name, category, effect, base_damage, anatomy_tag) VALUES ('Feral Web Shoot', 'Chemical', 'Slow', '0', 'Internal_Gland');
INSERT OR IGNORE INTO Attack_Defs (name, category, effect, base_damage, anatomy_tag) VALUES ('Minor Slime Secretion', 'Chemical', 'Grapple', '0', 'Internal_Gland');
INSERT OR IGNORE INTO Attack_Defs (name, category, effect, base_damage, anatomy_tag) VALUES ('Savage Slime Secretion', 'Chemical', 'Grapple', '0', 'Internal_Gland');
INSERT OR IGNORE INTO Attack_Defs (name, category, effect, base_damage, anatomy_tag) VALUES ('Dire Slime Secretion', 'Chemical', 'Grapple', '0', 'Internal_Gland');
INSERT OR IGNORE INTO Attack_Defs (name, category, effect, base_damage, anatomy_tag) VALUES ('Feral Slime Secretion', 'Chemical', 'Grapple', '0', 'Internal_Gland');
INSERT OR IGNORE INTO Attack_Defs (name, category, effect, base_damage, anatomy_tag) VALUES ('Minor Shock Touch', 'Energy', 'Stun', '1d8', 'Special_Organ');
INSERT OR IGNORE INTO Attack_Defs (name, category, effect, base_damage, anatomy_tag) VALUES ('Savage Shock Touch', 'Energy', 'Stun', '2d8', 'Special_Organ');
INSERT OR IGNORE INTO Attack_Defs (name, category, effect, base_damage, anatomy_tag) VALUES ('Dire Shock Touch', 'Energy', 'Stun', '3d8', 'Special_Organ');
INSERT OR IGNORE INTO Attack_Defs (name, category, effect, base_damage, anatomy_tag) VALUES ('Feral Shock Touch', 'Energy', 'Stun', '1d8', 'Special_Organ');
INSERT OR IGNORE INTO Attack_Defs (name, category, effect, base_damage, anatomy_tag) VALUES ('Minor Eel Discharge', 'Energy', 'Paralysis', '1d6', 'Special_Organ');
INSERT OR IGNORE INTO Attack_Defs (name, category, effect, base_damage, anatomy_tag) VALUES ('Savage Eel Discharge', 'Energy', 'Paralysis', '3d6', 'Special_Organ');
INSERT OR IGNORE INTO Attack_Defs (name, category, effect, base_damage, anatomy_tag) VALUES ('Dire Eel Discharge', 'Energy', 'Paralysis', '4d6', 'Special_Organ');
INSERT OR IGNORE INTO Attack_Defs (name, category, effect, base_damage, anatomy_tag) VALUES ('Feral Eel Discharge', 'Energy', 'Paralysis', '2d6', 'Special_Organ');
INSERT OR IGNORE INTO Attack_Defs (name, category, effect, base_damage, anatomy_tag) VALUES ('Minor Sonic Snap', 'Energy', 'Stun', '1d10', 'Pincers_Mandibles');
INSERT OR IGNORE INTO Attack_Defs (name, category, effect, base_damage, anatomy_tag) VALUES ('Savage Sonic Snap', 'Energy', 'Stun', '2d10', 'Pincers_Mandibles');
INSERT OR IGNORE INTO Attack_Defs (name, category, effect, base_damage, anatomy_tag) VALUES ('Dire Sonic Snap', 'Energy', 'Stun', '3d10', 'Pincers_Mandibles');
INSERT OR IGNORE INTO Attack_Defs (name, category, effect, base_damage, anatomy_tag) VALUES ('Feral Sonic Snap', 'Energy', 'Stun', '1d10', 'Pincers_Mandibles');
INSERT OR IGNORE INTO Attack_Defs (name, category, effect, base_damage, anatomy_tag) VALUES ('Minor Thermal Flash', 'Energy', 'Burn', '1d8', 'Special_Organ');
INSERT OR IGNORE INTO Attack_Defs (name, category, effect, base_damage, anatomy_tag) VALUES ('Savage Thermal Flash', 'Energy', 'Burn', '2d8', 'Special_Organ');
INSERT OR IGNORE INTO Attack_Defs (name, category, effect, base_damage, anatomy_tag) VALUES ('Dire Thermal Flash', 'Energy', 'Burn', '3d8', 'Special_Organ');
INSERT OR IGNORE INTO Attack_Defs (name, category, effect, base_damage, anatomy_tag) VALUES ('Feral Thermal Flash', 'Energy', 'Burn', '1d8', 'Special_Organ');
INSERT OR IGNORE INTO Attack_Defs (name, category, effect, base_damage, anatomy_tag) VALUES ('Minor Echolocation Blast', 'Energy', 'Blind', '1d4', 'Skull_Head');
INSERT OR IGNORE INTO Attack_Defs (name, category, effect, base_damage, anatomy_tag) VALUES ('Savage Echolocation Blast', 'Energy', 'Blind', '2d4', 'Skull_Head');
INSERT OR IGNORE INTO Attack_Defs (name, category, effect, base_damage, anatomy_tag) VALUES ('Dire Echolocation Blast', 'Energy', 'Blind', '3d4', 'Skull_Head');
INSERT OR IGNORE INTO Attack_Defs (name, category, effect, base_damage, anatomy_tag) VALUES ('Feral Echolocation Blast', 'Energy', 'Blind', '1d4', 'Skull_Head');
COMMIT;

-- [5] CREATURE GENETICS
CREATE TABLE IF NOT EXISTS Creature_Defs (
  id TEXT PRIMARY KEY,
  name TEXT,
  type TEXT,
  size_index INTEGER,
  cr REAL,
  hp INTEGER,
  ac INTEGER,
  biomes_json TEXT
);

-- [6] CREATURE <-> ATTACK LINK
CREATE TABLE IF NOT EXISTS Creature_Attacks (
  creature_id TEXT,
  attack_name TEXT,
  FOREIGN KEY(creature_id) REFERENCES Creature_Defs(id),
  FOREIGN KEY(attack_name) REFERENCES Attack_Defs(name)
);

BEGIN TRANSACTION;
INSERT INTO Creature_Defs (id, name, type, size_index, cr, hp, ac, biomes_json) VALUES ('afdc859e-4fe9-4226-8e99-f7199eab57f8', 'Wolf', 'Beast', 4, 1, 13, 13, '[3,5]');
INSERT INTO Creature_Attacks (creature_id, attack_name) VALUES ('afdc859e-4fe9-4226-8e99-f7199eab57f8', 'Bite');
INSERT INTO Creature_Attacks (creature_id, attack_name) VALUES ('afdc859e-4fe9-4226-8e99-f7199eab57f8', 'Pounce');
INSERT INTO Creature_Defs (id, name, type, size_index, cr, hp, ac, biomes_json) VALUES ('a54305cf-4b76-4d7a-b0b1-c0dffbded314', 'Coyote', 'Beast', 4, 0.5, 10, 12, '[4,7]');
INSERT INTO Creature_Attacks (creature_id, attack_name) VALUES ('a54305cf-4b76-4d7a-b0b1-c0dffbded314', 'Bite');
INSERT INTO Creature_Defs (id, name, type, size_index, cr, hp, ac, biomes_json) VALUES ('9cfae99c-f66d-4603-ad7a-9333dd071f17', 'Fox', 'Beast', 3, 0.25, 5, 13, '[3,5,4]');
INSERT INTO Creature_Attacks (creature_id, attack_name) VALUES ('9cfae99c-f66d-4603-ad7a-9333dd071f17', 'Nibble');
INSERT INTO Creature_Defs (id, name, type, size_index, cr, hp, ac, biomes_json) VALUES ('9759b92b-8826-4a91-800d-20a27f522d96', 'Hyena', 'Beast', 4, 1, 15, 12, '[8]');
INSERT INTO Creature_Attacks (creature_id, attack_name) VALUES ('9759b92b-8826-4a91-800d-20a27f522d96', 'Crushing Jaw');
INSERT INTO Creature_Defs (id, name, type, size_index, cr, hp, ac, biomes_json) VALUES ('cf5e3924-54d5-4aae-b997-d7e2456fccf4', 'Jackal', 'Beast', 3, 0.25, 8, 12, '[7,8]');
INSERT INTO Creature_Attacks (creature_id, attack_name) VALUES ('cf5e3924-54d5-4aae-b997-d7e2456fccf4', 'Bite');
INSERT INTO Creature_Defs (id, name, type, size_index, cr, hp, ac, biomes_json) VALUES ('0a6f5c08-0427-4209-8cce-458705fbb181', 'Dingo', 'Beast', 4, 0.5, 12, 12, '[9,7]');
INSERT INTO Creature_Attacks (creature_id, attack_name) VALUES ('0a6f5c08-0427-4209-8cce-458705fbb181', 'Bite');
INSERT INTO Creature_Defs (id, name, type, size_index, cr, hp, ac, biomes_json) VALUES ('4af5437e-363c-4922-bcf3-d9249e095f9b', 'Dhole', 'Beast', 4, 0.5, 11, 13, '[5,9]');
INSERT INTO Creature_Attacks (creature_id, attack_name) VALUES ('4af5437e-363c-4922-bcf3-d9249e095f9b', 'Bite');
INSERT INTO Creature_Attacks (creature_id, attack_name) VALUES ('4af5437e-363c-4922-bcf3-d9249e095f9b', 'Pounce');
INSERT INTO Creature_Defs (id, name, type, size_index, cr, hp, ac, biomes_json) VALUES ('d1839e3c-7844-4582-8143-752f217f6604', 'Mastiff', 'Beast', 4, 0.5, 14, 11, '[1]');
INSERT INTO Creature_Attacks (creature_id, attack_name) VALUES ('d1839e3c-7844-4582-8143-752f217f6604', 'Crushing Jaw');
INSERT INTO Creature_Defs (id, name, type, size_index, cr, hp, ac, biomes_json) VALUES ('51e35c46-5c8d-415f-bdfc-1e3b4497bce7', 'Greyhound', 'Beast', 4, 0.25, 8, 14, '[1]');
INSERT INTO Creature_Attacks (creature_id, attack_name) VALUES ('51e35c46-5c8d-415f-bdfc-1e3b4497bce7', 'Bite');
INSERT INTO Creature_Defs (id, name, type, size_index, cr, hp, ac, biomes_json) VALUES ('9ef46bcd-5274-41c4-aa86-d9e440db5f47', 'Bulldog', 'Beast', 3, 0.25, 10, 11, '[1]');
INSERT INTO Creature_Attacks (creature_id, attack_name) VALUES ('9ef46bcd-5274-41c4-aa86-d9e440db5f47', 'Bite');
INSERT INTO Creature_Defs (id, name, type, size_index, cr, hp, ac, biomes_json) VALUES ('55f8e9b8-1687-4b6d-af1f-9d8de2b5b286', 'Terrier', 'Beast', 3, 0.13, 5, 12, '[1]');
INSERT INTO Creature_Attacks (creature_id, attack_name) VALUES ('55f8e9b8-1687-4b6d-af1f-9d8de2b5b286', 'Nibble');
INSERT INTO Creature_Attacks (creature_id, attack_name) VALUES ('55f8e9b8-1687-4b6d-af1f-9d8de2b5b286', 'Gnaw');
INSERT INTO Creature_Defs (id, name, type, size_index, cr, hp, ac, biomes_json) VALUES ('62a23458-2341-4d7d-ab49-5de966ecf86e', 'Hound', 'Beast', 4, 0.25, 10, 12, '[1]');
INSERT INTO Creature_Attacks (creature_id, attack_name) VALUES ('62a23458-2341-4d7d-ab49-5de966ecf86e', 'Bite');
INSERT INTO Creature_Defs (id, name, type, size_index, cr, hp, ac, biomes_json) VALUES ('bde6ab80-a18e-46c3-9df3-7534b36c42db', 'Pug', 'Beast', 2, 0.13, 4, 10, '[1]');
INSERT INTO Creature_Attacks (creature_id, attack_name) VALUES ('bde6ab80-a18e-46c3-9df3-7534b36c42db', 'Nibble');
INSERT INTO Creature_Defs (id, name, type, size_index, cr, hp, ac, biomes_json) VALUES ('d9be335a-62bd-41ad-92fd-2fb55369b28a', 'Husky', 'Beast', 4, 0.5, 12, 12, '[2,1]');
INSERT INTO Creature_Attacks (creature_id, attack_name) VALUES ('d9be335a-62bd-41ad-92fd-2fb55369b28a', 'Bite');
INSERT INTO Creature_Defs (id, name, type, size_index, cr, hp, ac, biomes_json) VALUES ('4036d1c2-a41a-4777-bef6-54cc27500f95', 'Dalmatian', 'Beast', 4, 0.25, 10, 12, '[1]');
INSERT INTO Creature_Attacks (creature_id, attack_name) VALUES ('4036d1c2-a41a-4777-bef6-54cc27500f95', 'Bite');
INSERT INTO Creature_Defs (id, name, type, size_index, cr, hp, ac, biomes_json) VALUES ('47780079-e277-46d2-b83d-cfced32e8286', 'Corgi', 'Beast', 3, 0.13, 6, 11, '[1]');
INSERT INTO Creature_Attacks (creature_id, attack_name) VALUES ('47780079-e277-46d2-b83d-cfced32e8286', 'Nibble');
INSERT INTO Creature_Defs (id, name, type, size_index, cr, hp, ac, biomes_json) VALUES ('70be0386-b8cd-44c0-bba5-7a7fb8062623', 'Akita', 'Beast', 4, 0.5, 13, 13, '[1,3]');
INSERT INTO Creature_Attacks (creature_id, attack_name) VALUES ('70be0386-b8cd-44c0-bba5-7a7fb8062623', 'Bite');
INSERT INTO Creature_Defs (id, name, type, size_index, cr, hp, ac, biomes_json) VALUES ('c10690de-ce49-47e2-9749-8fef5516bb28', 'Shiba', 'Beast', 3, 0.25, 7, 13, '[1]');
INSERT INTO Creature_Attacks (creature_id, attack_name) VALUES ('c10690de-ce49-47e2-9749-8fef5516bb28', 'Bite');
INSERT INTO Creature_Defs (id, name, type, size_index, cr, hp, ac, biomes_json) VALUES ('e45d200b-7e21-4ee5-b006-5a97a0ae3a3c', 'Lycaon', 'Beast', 4, 1, 14, 13, '[8]');
INSERT INTO Creature_Attacks (creature_id, attack_name) VALUES ('e45d200b-7e21-4ee5-b006-5a97a0ae3a3c', 'Bite');
INSERT INTO Creature_Defs (id, name, type, size_index, cr, hp, ac, biomes_json) VALUES ('8001946a-8bbf-44ce-97e2-31852ee9f91a', 'Lion', 'Beast', 6, 3, 32, 13, '[8]');
INSERT INTO Creature_Attacks (creature_id, attack_name) VALUES ('8001946a-8bbf-44ce-97e2-31852ee9f91a', 'Claw');
INSERT INTO Creature_Attacks (creature_id, attack_name) VALUES ('8001946a-8bbf-44ce-97e2-31852ee9f91a', 'Bite');
INSERT INTO Creature_Defs (id, name, type, size_index, cr, hp, ac, biomes_json) VALUES ('03709bf0-17f1-4ad6-bb44-6c02a72c1094', 'Tiger', 'Beast', 6, 4, 45, 12, '[9,5]');
INSERT INTO Creature_Attacks (creature_id, attack_name) VALUES ('03709bf0-17f1-4ad6-bb44-6c02a72c1094', 'Claw');
INSERT INTO Creature_Attacks (creature_id, attack_name) VALUES ('03709bf0-17f1-4ad6-bb44-6c02a72c1094', 'Bite');
INSERT INTO Creature_Attacks (creature_id, attack_name) VALUES ('03709bf0-17f1-4ad6-bb44-6c02a72c1094', 'Pounce');
INSERT INTO Creature_Defs (id, name, type, size_index, cr, hp, ac, biomes_json) VALUES ('4413201e-62c9-4787-96d2-e180f352903f', 'Panther', 'Beast', 4, 2, 25, 14, '[9,5]');
INSERT INTO Creature_Attacks (creature_id, attack_name) VALUES ('4413201e-62c9-4787-96d2-e180f352903f', 'Claw');
INSERT INTO Creature_Attacks (creature_id, attack_name) VALUES ('4413201e-62c9-4787-96d2-e180f352903f', 'Bite');
INSERT INTO Creature_Defs (id, name, type, size_index, cr, hp, ac, biomes_json) VALUES ('b38a0ba5-f144-41eb-abaf-a7804aab8130', 'Cheetah', 'Beast', 4, 2, 20, 15, '[8]');
INSERT INTO Creature_Attacks (creature_id, attack_name) VALUES ('b38a0ba5-f144-41eb-abaf-a7804aab8130', 'Bite');
INSERT INTO Creature_Attacks (creature_id, attack_name) VALUES ('b38a0ba5-f144-41eb-abaf-a7804aab8130', 'Claw');
INSERT INTO Creature_Defs (id, name, type, size_index, cr, hp, ac, biomes_json) VALUES ('f56608f4-525b-45ef-a680-1ccb91526427', 'Bobcat', 'Beast', 3, 0.5, 10, 13, '[5,2]');
INSERT INTO Creature_Attacks (creature_id, attack_name) VALUES ('f56608f4-525b-45ef-a680-1ccb91526427', 'Claw');
INSERT INTO Creature_Defs (id, name, type, size_index, cr, hp, ac, biomes_json) VALUES ('c1e96f57-b6d7-4a6d-a807-6539e3ba159e', 'Lynx', 'Beast', 4, 1, 15, 13, '[2,3]');
INSERT INTO Creature_Attacks (creature_id, attack_name) VALUES ('c1e96f57-b6d7-4a6d-a807-6539e3ba159e', 'Claw');
INSERT INTO Creature_Defs (id, name, type, size_index, cr, hp, ac, biomes_json) VALUES ('5829e145-b611-45fb-8585-51d5a0a06ca1', 'Jaguar', 'Beast', 6, 3, 40, 14, '[9]');
INSERT INTO Creature_Attacks (creature_id, attack_name) VALUES ('5829e145-b611-45fb-8585-51d5a0a06ca1', 'Crushing Jaw');
INSERT INTO Creature_Attacks (creature_id, attack_name) VALUES ('5829e145-b611-45fb-8585-51d5a0a06ca1', 'Claw');
INSERT INTO Creature_Defs (id, name, type, size_index, cr, hp, ac, biomes_json) VALUES ('345b4a1e-58f1-4512-826d-0c4983de750d', 'Leopard', 'Beast', 4, 2, 28, 14, '[8,9]');
INSERT INTO Creature_Attacks (creature_id, attack_name) VALUES ('345b4a1e-58f1-4512-826d-0c4983de750d', 'Claw');
INSERT INTO Creature_Attacks (creature_id, attack_name) VALUES ('345b4a1e-58f1-4512-826d-0c4983de750d', 'Pounce');
INSERT INTO Creature_Defs (id, name, type, size_index, cr, hp, ac, biomes_json) VALUES ('5f037ed8-efed-406f-9fd1-1ec682439186', 'Ocelot', 'Beast', 3, 0.5, 12, 14, '[9]');
INSERT INTO Creature_Attacks (creature_id, attack_name) VALUES ('5f037ed8-efed-406f-9fd1-1ec682439186', 'Claw');
INSERT INTO Creature_Attacks (creature_id, attack_name) VALUES ('5f037ed8-efed-406f-9fd1-1ec682439186', 'Bite');
INSERT INTO Creature_Defs (id, name, type, size_index, cr, hp, ac, biomes_json) VALUES ('ea261726-5a91-444d-b4ee-ad39adb41540', 'Puma', 'Beast', 4, 1, 22, 13, '[3,5]');
INSERT INTO Creature_Attacks (creature_id, attack_name) VALUES ('ea261726-5a91-444d-b4ee-ad39adb41540', 'Pounce');
INSERT INTO Creature_Attacks (creature_id, attack_name) VALUES ('ea261726-5a91-444d-b4ee-ad39adb41540', 'Claw');
INSERT INTO Creature_Defs (id, name, type, size_index, cr, hp, ac, biomes_json) VALUES ('5be8ef4e-95b3-4601-9bf2-45f520745a42', 'Cougar', 'Beast', 4, 1, 22, 13, '[4,3]');
INSERT INTO Creature_Attacks (creature_id, attack_name) VALUES ('5be8ef4e-95b3-4601-9bf2-45f520745a42', 'Pounce');
INSERT INTO Creature_Attacks (creature_id, attack_name) VALUES ('5be8ef4e-95b3-4601-9bf2-45f520745a42', 'Claw');
INSERT INTO Creature_Defs (id, name, type, size_index, cr, hp, ac, biomes_json) VALUES ('9413118b-46f0-4e67-8ad3-f9d7ac03d105', 'Caracal', 'Beast', 3, 0.5, 10, 15, '[7,8]');
INSERT INTO Creature_Attacks (creature_id, attack_name) VALUES ('9413118b-46f0-4e67-8ad3-f9d7ac03d105', 'Claw');
INSERT INTO Creature_Attacks (creature_id, attack_name) VALUES ('9413118b-46f0-4e67-8ad3-f9d7ac03d105', 'Pounce');
INSERT INTO Creature_Defs (id, name, type, size_index, cr, hp, ac, biomes_json) VALUES ('bbded7f5-4ac0-4276-9bd9-5599591ff484', 'Serval', 'Beast', 3, 0.5, 9, 14, '[8]');
INSERT INTO Creature_Attacks (creature_id, attack_name) VALUES ('bbded7f5-4ac0-4276-9bd9-5599591ff484', 'Claw');
INSERT INTO Creature_Defs (id, name, type, size_index, cr, hp, ac, biomes_json) VALUES ('85a071de-a595-4fc2-b7b7-4fa08f2e6da1', 'Margay', 'Beast', 3, 0.25, 7, 14, '[9]');
INSERT INTO Creature_Attacks (creature_id, attack_name) VALUES ('85a071de-a595-4fc2-b7b7-4fa08f2e6da1', 'Claw');
INSERT INTO Creature_Defs (id, name, type, size_index, cr, hp, ac, biomes_json) VALUES ('60b578d7-f726-461e-ba33-bd759656a6c3', 'Sphinx', 'Beast', 2, 0.13, 3, 11, '[1]');
INSERT INTO Creature_Attacks (creature_id, attack_name) VALUES ('60b578d7-f726-461e-ba33-bd759656a6c3', 'Scratch');
INSERT INTO Creature_Defs (id, name, type, size_index, cr, hp, ac, biomes_json) VALUES ('db96252e-2ce0-4284-8e68-90f4fdfceba6', 'Siamese', 'Beast', 2, 0.13, 3, 12, '[1]');
INSERT INTO Creature_Attacks (creature_id, attack_name) VALUES ('db96252e-2ce0-4284-8e68-90f4fdfceba6', 'Scratch');
INSERT INTO Creature_Defs (id, name, type, size_index, cr, hp, ac, biomes_json) VALUES ('04b6700a-f3ac-4f83-8087-7caef352314d', 'Persian', 'Beast', 2, 0.13, 4, 10, '[1]');
INSERT INTO Creature_Attacks (creature_id, attack_name) VALUES ('04b6700a-f3ac-4f83-8087-7caef352314d', 'Scratch');
INSERT INTO Creature_Defs (id, name, type, size_index, cr, hp, ac, biomes_json) VALUES ('4f950603-8522-422a-9db4-95de48e7cbb8', 'Bengal', 'Beast', 2, 0.25, 5, 13, '[1]');
INSERT INTO Creature_Attacks (creature_id, attack_name) VALUES ('4f950603-8522-422a-9db4-95de48e7cbb8', 'Claw');
INSERT INTO Creature_Attacks (creature_id, attack_name) VALUES ('4f950603-8522-422a-9db4-95de48e7cbb8', 'Bite');
INSERT INTO Creature_Defs (id, name, type, size_index, cr, hp, ac, biomes_json) VALUES ('f0f86fc7-2157-4863-b2e0-ddb5c236f6b0', 'Savannah', 'Beast', 3, 0.25, 6, 13, '[1]');
INSERT INTO Creature_Attacks (creature_id, attack_name) VALUES ('f0f86fc7-2157-4863-b2e0-ddb5c236f6b0', 'Claw');
INSERT INTO Creature_Attacks (creature_id, attack_name) VALUES ('f0f86fc7-2157-4863-b2e0-ddb5c236f6b0', 'Pounce');
INSERT INTO Creature_Defs (id, name, type, size_index, cr, hp, ac, biomes_json) VALUES ('2c8e31fa-d317-468a-840c-250fa8e3cc9f', 'Liger', 'Beast', 6, 4, 50, 12, '[1]');
INSERT INTO Creature_Attacks (creature_id, attack_name) VALUES ('2c8e31fa-d317-468a-840c-250fa8e3cc9f', 'Claw');
INSERT INTO Creature_Attacks (creature_id, attack_name) VALUES ('2c8e31fa-d317-468a-840c-250fa8e3cc9f', 'Slam');
INSERT INTO Creature_Defs (id, name, type, size_index, cr, hp, ac, biomes_json) VALUES ('7d5a4e99-7e1d-49bd-b1d0-aaf05fed3382', 'Smilodon', 'Beast', 6, 5, 55, 13, '[2,3]');
INSERT INTO Creature_Attacks (creature_id, attack_name) VALUES ('7d5a4e99-7e1d-49bd-b1d0-aaf05fed3382', 'Serrated Bite');
INSERT INTO Creature_Attacks (creature_id, attack_name) VALUES ('7d5a4e99-7e1d-49bd-b1d0-aaf05fed3382', 'Pounce');
INSERT INTO Creature_Defs (id, name, type, size_index, cr, hp, ac, biomes_json) VALUES ('48090ced-7a43-4f00-a47a-c4c4dda9cfe3', 'Bear', 'Beast', 6, 2, 30, 12, '[5,3]');
INSERT INTO Creature_Attacks (creature_id, attack_name) VALUES ('48090ced-7a43-4f00-a47a-c4c4dda9cfe3', 'Claw');
INSERT INTO Creature_Attacks (creature_id, attack_name) VALUES ('48090ced-7a43-4f00-a47a-c4c4dda9cfe3', 'Bite');
INSERT INTO Creature_Defs (id, name, type, size_index, cr, hp, ac, biomes_json) VALUES ('c6491c0a-b8ef-4e6d-98ed-ca3b20243e02', 'Panda', 'Beast', 4, 1, 35, 11, '[5]');
INSERT INTO Creature_Attacks (creature_id, attack_name) VALUES ('c6491c0a-b8ef-4e6d-98ed-ca3b20243e02', 'Bite');
INSERT INTO Creature_Attacks (creature_id, attack_name) VALUES ('c6491c0a-b8ef-4e6d-98ed-ca3b20243e02', 'Slam');
INSERT INTO Creature_Defs (id, name, type, size_index, cr, hp, ac, biomes_json) VALUES ('5209e6d9-9d40-4aa2-81f5-974013978b6a', 'Grizzly', 'Beast', 6, 4, 50, 13, '[3,2]');
INSERT INTO Creature_Attacks (creature_id, attack_name) VALUES ('5209e6d9-9d40-4aa2-81f5-974013978b6a', 'Claw');
INSERT INTO Creature_Attacks (creature_id, attack_name) VALUES ('5209e6d9-9d40-4aa2-81f5-974013978b6a', 'Bite');
INSERT INTO Creature_Attacks (creature_id, attack_name) VALUES ('5209e6d9-9d40-4aa2-81f5-974013978b6a', 'Body Slam');
INSERT INTO Creature_Defs (id, name, type, size_index, cr, hp, ac, biomes_json) VALUES ('5c50e994-a607-4ab1-84d7-69d6901f14ea', 'Kodiak', 'Beast', 6, 5, 60, 13, '[2,3]');
INSERT INTO Creature_Attacks (creature_id, attack_name) VALUES ('5c50e994-a607-4ab1-84d7-69d6901f14ea', 'Claw');
INSERT INTO Creature_Attacks (creature_id, attack_name) VALUES ('5c50e994-a607-4ab1-84d7-69d6901f14ea', 'Crushing Jaw');
INSERT INTO Creature_Defs (id, name, type, size_index, cr, hp, ac, biomes_json) VALUES ('c1a0fbd6-5bb0-4f77-849c-060cbeb00aa8', 'Sunbear', 'Beast', 4, 1, 25, 12, '[9]');
INSERT INTO Creature_Attacks (creature_id, attack_name) VALUES ('c1a0fbd6-5bb0-4f77-849c-060cbeb00aa8', 'Claw');
INSERT INTO Creature_Attacks (creature_id, attack_name) VALUES ('c1a0fbd6-5bb0-4f77-849c-060cbeb00aa8', 'Bite');
INSERT INTO Creature_Defs (id, name, type, size_index, cr, hp, ac, biomes_json) VALUES ('4c96bd07-d7cc-4df5-98e6-b856df1491f6', 'Slothbear', 'Beast', 4, 2, 30, 13, '[9,5]');
INSERT INTO Creature_Attacks (creature_id, attack_name) VALUES ('4c96bd07-d7cc-4df5-98e6-b856df1491f6', 'Claw');
INSERT INTO Creature_Attacks (creature_id, attack_name) VALUES ('4c96bd07-d7cc-4df5-98e6-b856df1491f6', 'Slam');
INSERT INTO Creature_Defs (id, name, type, size_index, cr, hp, ac, biomes_json) VALUES ('7627d4e9-a871-4fb6-bf06-b94c097bf41e', 'Tremarctos', 'Beast', 4, 2, 28, 12, '[3,9]');
INSERT INTO Creature_Attacks (creature_id, attack_name) VALUES ('7627d4e9-a871-4fb6-bf06-b94c097bf41e', 'Claw');
INSERT INTO Creature_Attacks (creature_id, attack_name) VALUES ('7627d4e9-a871-4fb6-bf06-b94c097bf41e', 'Bite');
INSERT INTO Creature_Defs (id, name, type, size_index, cr, hp, ac, biomes_json) VALUES ('81cdbf68-b6a3-4c7f-a3b0-cd4e91f25a05', 'Cavebear', 'Beast', 6, 5, 65, 14, '[2,11]');
INSERT INTO Creature_Attacks (creature_id, attack_name) VALUES ('81cdbf68-b6a3-4c7f-a3b0-cd4e91f25a05', 'Claw');
INSERT INTO Creature_Attacks (creature_id, attack_name) VALUES ('81cdbf68-b6a3-4c7f-a3b0-cd4e91f25a05', 'Body Slam');
INSERT INTO Creature_Defs (id, name, type, size_index, cr, hp, ac, biomes_json) VALUES ('886a2219-d715-4df3-af82-7104a5a63bff', 'Baribal', 'Beast', 4, 2, 30, 12, '[5]');
INSERT INTO Creature_Attacks (creature_id, attack_name) VALUES ('886a2219-d715-4df3-af82-7104a5a63bff', 'Claw');
INSERT INTO Creature_Attacks (creature_id, attack_name) VALUES ('886a2219-d715-4df3-af82-7104a5a63bff', 'Bite');
INSERT INTO Creature_Defs (id, name, type, size_index, cr, hp, ac, biomes_json) VALUES ('53b14bf9-6d6a-4904-bb48-31368807a406', 'Kermode', 'Beast', 4, 2, 30, 12, '[5]');
INSERT INTO Creature_Attacks (creature_id, attack_name) VALUES ('53b14bf9-6d6a-4904-bb48-31368807a406', 'Claw');
INSERT INTO Creature_Attacks (creature_id, attack_name) VALUES ('53b14bf9-6d6a-4904-bb48-31368807a406', 'Bite');
INSERT INTO Creature_Defs (id, name, type, size_index, cr, hp, ac, biomes_json) VALUES ('f3db4136-4f9e-4685-a4b2-fb558989d11b', 'Ussuri', 'Beast', 6, 3, 45, 13, '[3,5]');
INSERT INTO Creature_Attacks (creature_id, attack_name) VALUES ('f3db4136-4f9e-4685-a4b2-fb558989d11b', 'Claw');
INSERT INTO Creature_Attacks (creature_id, attack_name) VALUES ('f3db4136-4f9e-4685-a4b2-fb558989d11b', 'Bite');
INSERT INTO Creature_Defs (id, name, type, size_index, cr, hp, ac, biomes_json) VALUES ('8a350184-f036-4dbd-8e9c-0303c8419de3', 'Arctodus', 'Beast', 8, 6, 80, 14, '[4,2]');
INSERT INTO Creature_Attacks (creature_id, attack_name) VALUES ('8a350184-f036-4dbd-8e9c-0303c8419de3', 'Claw');
INSERT INTO Creature_Attacks (creature_id, attack_name) VALUES ('8a350184-f036-4dbd-8e9c-0303c8419de3', 'Crushing Jaw');
INSERT INTO Creature_Attacks (creature_id, attack_name) VALUES ('8a350184-f036-4dbd-8e9c-0303c8419de3', 'Body Slam');
INSERT INTO Creature_Defs (id, name, type, size_index, cr, hp, ac, biomes_json) VALUES ('526aec8c-4919-475d-a08c-8eff57de3a0c', 'Deer', 'Beast', 4, 0.25, 12, 13, '[5,4]');
INSERT INTO Creature_Attacks (creature_id, attack_name) VALUES ('526aec8c-4919-475d-a08c-8eff57de3a0c', 'Kick');
INSERT INTO Creature_Defs (id, name, type, size_index, cr, hp, ac, biomes_json) VALUES ('1e552d55-f16c-473e-8441-9e467c4af79a', 'Elk', 'Beast', 6, 2, 30, 12, '[5,2]');
INSERT INTO Creature_Attacks (creature_id, attack_name) VALUES ('1e552d55-f16c-473e-8441-9e467c4af79a', 'Antler Toss');
INSERT INTO Creature_Attacks (creature_id, attack_name) VALUES ('1e552d55-f16c-473e-8441-9e467c4af79a', 'Kick');
INSERT INTO Creature_Defs (id, name, type, size_index, cr, hp, ac, biomes_json) VALUES ('b72d900d-5f91-4a7d-921c-5858d718d129', 'Moose', 'Beast', 6, 3, 45, 11, '[3,2]');
INSERT INTO Creature_Attacks (creature_id, attack_name) VALUES ('b72d900d-5f91-4a7d-921c-5858d718d129', 'Gore');
INSERT INTO Creature_Attacks (creature_id, attack_name) VALUES ('b72d900d-5f91-4a7d-921c-5858d718d129', 'Trample');
INSERT INTO Creature_Defs (id, name, type, size_index, cr, hp, ac, biomes_json) VALUES ('ba41ccb8-e4c2-4829-ba9d-c7895e209c3d', 'Boar', 'Beast', 4, 2, 20, 13, '[5,6]');
INSERT INTO Creature_Attacks (creature_id, attack_name) VALUES ('ba41ccb8-e4c2-4829-ba9d-c7895e209c3d', 'Tusk Slash');
INSERT INTO Creature_Attacks (creature_id, attack_name) VALUES ('ba41ccb8-e4c2-4829-ba9d-c7895e209c3d', 'Gore');
INSERT INTO Creature_Defs (id, name, type, size_index, cr, hp, ac, biomes_json) VALUES ('09451a1c-0e24-4e4d-98e2-96d2f9add081', 'Bison', 'Beast', 6, 3, 40, 13, '[4]');
INSERT INTO Creature_Attacks (creature_id, attack_name) VALUES ('09451a1c-0e24-4e4d-98e2-96d2f9add081', 'Gore');
INSERT INTO Creature_Attacks (creature_id, attack_name) VALUES ('09451a1c-0e24-4e4d-98e2-96d2f9add081', 'Trample');
INSERT INTO Creature_Defs (id, name, type, size_index, cr, hp, ac, biomes_json) VALUES ('920b0fe8-78ae-40b8-b17a-b9f5d3a93a38', 'Rhino', 'Beast', 6, 5, 50, 16, '[8]');
INSERT INTO Creature_Attacks (creature_id, attack_name) VALUES ('920b0fe8-78ae-40b8-b17a-b9f5d3a93a38', 'Rhino Charge');
INSERT INTO Creature_Attacks (creature_id, attack_name) VALUES ('920b0fe8-78ae-40b8-b17a-b9f5d3a93a38', 'Horn Ram');
INSERT INTO Creature_Defs (id, name, type, size_index, cr, hp, ac, biomes_json) VALUES ('695342c5-9797-47ea-9370-c97c7f072d64', 'Hippo', 'Beast', 6, 5, 55, 14, '[8,6]');
INSERT INTO Creature_Attacks (creature_id, attack_name) VALUES ('695342c5-9797-47ea-9370-c97c7f072d64', 'Crushing Jaw');
INSERT INTO Creature_Attacks (creature_id, attack_name) VALUES ('695342c5-9797-47ea-9370-c97c7f072d64', 'Trample');
INSERT INTO Creature_Defs (id, name, type, size_index, cr, hp, ac, biomes_json) VALUES ('4e8c409a-ca89-4502-85bf-2e2a87094155', 'Camel', 'Beast', 6, 1, 25, 11, '[7]');
INSERT INTO Creature_Attacks (creature_id, attack_name) VALUES ('4e8c409a-ca89-4502-85bf-2e2a87094155', 'Bite');
INSERT INTO Creature_Attacks (creature_id, attack_name) VALUES ('4e8c409a-ca89-4502-85bf-2e2a87094155', 'Venom Spit');
INSERT INTO Creature_Defs (id, name, type, size_index, cr, hp, ac, biomes_json) VALUES ('91550a64-adca-485e-a7cc-c636a161ddb0', 'Giraffe', 'Beast', 8, 2, 40, 12, '[8]');
INSERT INTO Creature_Attacks (creature_id, attack_name) VALUES ('91550a64-adca-485e-a7cc-c636a161ddb0', 'Hind Kick');
INSERT INTO Creature_Attacks (creature_id, attack_name) VALUES ('91550a64-adca-485e-a7cc-c636a161ddb0', 'Slam');
INSERT INTO Creature_Defs (id, name, type, size_index, cr, hp, ac, biomes_json) VALUES ('b1fa2785-f141-4569-b1e7-a679bd4a19a9', 'Elephant', 'Beast', 8, 6, 70, 15, '[8,9]');
INSERT INTO Creature_Attacks (creature_id, attack_name) VALUES ('b1fa2785-f141-4569-b1e7-a679bd4a19a9', 'Trample');
INSERT INTO Creature_Attacks (creature_id, attack_name) VALUES ('b1fa2785-f141-4569-b1e7-a679bd4a19a9', 'Tusk Slash');
INSERT INTO Creature_Attacks (creature_id, attack_name) VALUES ('b1fa2785-f141-4569-b1e7-a679bd4a19a9', 'Slam');
INSERT INTO Creature_Defs (id, name, type, size_index, cr, hp, ac, biomes_json) VALUES ('0aa9a03a-b20e-4cdf-a84b-a73620f802f2', 'Sheep', 'Beast', 3, 0.13, 6, 10, '[4,1]');
INSERT INTO Creature_Attacks (creature_id, attack_name) VALUES ('0aa9a03a-b20e-4cdf-a84b-a73620f802f2', 'Headbutt');
INSERT INTO Creature_Defs (id, name, type, size_index, cr, hp, ac, biomes_json) VALUES ('027b5214-4f78-4532-8171-a1417dc09b8a', 'Goat', 'Beast', 3, 0.13, 7, 11, '[3,1]');
INSERT INTO Creature_Attacks (creature_id, attack_name) VALUES ('027b5214-4f78-4532-8171-a1417dc09b8a', 'Horn Ram');
INSERT INTO Creature_Defs (id, name, type, size_index, cr, hp, ac, biomes_json) VALUES ('5b96dcd8-d741-41b6-aad1-ef3e4babeb62', 'Cow', 'Beast', 6, 0.25, 15, 10, '[4,1]');
INSERT INTO Creature_Attacks (creature_id, attack_name) VALUES ('5b96dcd8-d741-41b6-aad1-ef3e4babeb62', 'Kick');
INSERT INTO Creature_Defs (id, name, type, size_index, cr, hp, ac, biomes_json) VALUES ('42743c31-4b6c-4ee8-85de-5eb75e63484d', 'Bull', 'Beast', 6, 1, 25, 12, '[4,1]');
INSERT INTO Creature_Attacks (creature_id, attack_name) VALUES ('42743c31-4b6c-4ee8-85de-5eb75e63484d', 'Gore');
INSERT INTO Creature_Attacks (creature_id, attack_name) VALUES ('42743c31-4b6c-4ee8-85de-5eb75e63484d', 'Trample');
INSERT INTO Creature_Defs (id, name, type, size_index, cr, hp, ac, biomes_json) VALUES ('6e20afae-fc6e-4049-810e-dd2c18f092d2', 'Horse', 'Beast', 6, 0.5, 19, 11, '[4,1]');
INSERT INTO Creature_Attacks (creature_id, attack_name) VALUES ('6e20afae-fc6e-4049-810e-dd2c18f092d2', 'Hoof Stomp');
INSERT INTO Creature_Attacks (creature_id, attack_name) VALUES ('6e20afae-fc6e-4049-810e-dd2c18f092d2', 'Hind Kick');
INSERT INTO Creature_Defs (id, name, type, size_index, cr, hp, ac, biomes_json) VALUES ('d5de888e-bb82-480a-b9e7-362e95d0b232', 'Zebra', 'Beast', 6, 0.5, 19, 12, '[8]');
INSERT INTO Creature_Attacks (creature_id, attack_name) VALUES ('d5de888e-bb82-480a-b9e7-362e95d0b232', 'Hind Kick');
INSERT INTO Creature_Attacks (creature_id, attack_name) VALUES ('d5de888e-bb82-480a-b9e7-362e95d0b232', 'Bite');
INSERT INTO Creature_Defs (id, name, type, size_index, cr, hp, ac, biomes_json) VALUES ('1649e6d7-5257-4510-af25-bb81fa75ce04', 'Donkey', 'Beast', 4, 0.25, 13, 11, '[4,7]');
INSERT INTO Creature_Attacks (creature_id, attack_name) VALUES ('1649e6d7-5257-4510-af25-bb81fa75ce04', 'Hind Kick');
INSERT INTO Creature_Defs (id, name, type, size_index, cr, hp, ac, biomes_json) VALUES ('077a3783-883c-4152-b431-7d8b0066e34d', 'Antelope', 'Beast', 4, 0.25, 10, 14, '[8]');
INSERT INTO Creature_Attacks (creature_id, attack_name) VALUES ('077a3783-883c-4152-b431-7d8b0066e34d', 'Kick');
INSERT INTO Creature_Defs (id, name, type, size_index, cr, hp, ac, biomes_json) VALUES ('667ae32e-f599-4523-82dd-107c8b4c456f', 'Gazelle', 'Beast', 3, 0.13, 8, 15, '[8,7]');
INSERT INTO Creature_Attacks (creature_id, attack_name) VALUES ('667ae32e-f599-4523-82dd-107c8b4c456f', 'Kick');
INSERT INTO Creature_Defs (id, name, type, size_index, cr, hp, ac, biomes_json) VALUES ('d6891ed7-e2c6-4aa7-9d49-4b66b6119e53', 'Wildebeest', 'Beast', 6, 1, 25, 12, '[8]');
INSERT INTO Creature_Attacks (creature_id, attack_name) VALUES ('d6891ed7-e2c6-4aa7-9d49-4b66b6119e53', 'Gore');
INSERT INTO Creature_Attacks (creature_id, attack_name) VALUES ('d6891ed7-e2c6-4aa7-9d49-4b66b6119e53', 'Trample');
INSERT INTO Creature_Defs (id, name, type, size_index, cr, hp, ac, biomes_json) VALUES ('e1809da4-153f-488f-aa18-ab120550a8b6', 'Caribou', 'Beast', 6, 1, 22, 12, '[2]');
INSERT INTO Creature_Attacks (creature_id, attack_name) VALUES ('e1809da4-153f-488f-aa18-ab120550a8b6', 'Antler Toss');
INSERT INTO Creature_Attacks (creature_id, attack_name) VALUES ('e1809da4-153f-488f-aa18-ab120550a8b6', 'Kick');
INSERT INTO Creature_Defs (id, name, type, size_index, cr, hp, ac, biomes_json) VALUES ('059fd487-0ee8-478e-b3da-f17499cc2262', 'Llama', 'Beast', 4, 0.25, 12, 11, '[3]');
INSERT INTO Creature_Attacks (creature_id, attack_name) VALUES ('059fd487-0ee8-478e-b3da-f17499cc2262', 'Venom Spit');
INSERT INTO Creature_Attacks (creature_id, attack_name) VALUES ('059fd487-0ee8-478e-b3da-f17499cc2262', 'Kick');
INSERT INTO Creature_Defs (id, name, type, size_index, cr, hp, ac, biomes_json) VALUES ('2c825d30-c1be-48c2-8874-badeb4f4e468', 'Alpaca', 'Beast', 4, 0.13, 10, 11, '[3]');
INSERT INTO Creature_Attacks (creature_id, attack_name) VALUES ('2c825d30-c1be-48c2-8874-badeb4f4e468', 'Venom Spit');
INSERT INTO Creature_Defs (id, name, type, size_index, cr, hp, ac, biomes_json) VALUES ('85158ddd-97e3-4fa2-9760-cb424de2d195', 'Warthog', 'Beast', 4, 1, 18, 13, '[8]');
INSERT INTO Creature_Attacks (creature_id, attack_name) VALUES ('85158ddd-97e3-4fa2-9760-cb424de2d195', 'Tusk Slash');
INSERT INTO Creature_Defs (id, name, type, size_index, cr, hp, ac, biomes_json) VALUES ('49400856-6931-45de-b257-fd44032dcd14', 'Ibex', 'Beast', 4, 0.5, 15, 13, '[3]');
INSERT INTO Creature_Attacks (creature_id, attack_name) VALUES ('49400856-6931-45de-b257-fd44032dcd14', 'Horn Ram');
INSERT INTO Creature_Defs (id, name, type, size_index, cr, hp, ac, biomes_json) VALUES ('4ec7a63f-d4c8-4314-9b2d-5a101df65103', 'Crocodile', 'Beast', 6, 3, 35, 14, '[6,8]');
INSERT INTO Creature_Attacks (creature_id, attack_name) VALUES ('4ec7a63f-d4c8-4314-9b2d-5a101df65103', 'Death Roll');
INSERT INTO Creature_Attacks (creature_id, attack_name) VALUES ('4ec7a63f-d4c8-4314-9b2d-5a101df65103', 'Tail Whip');
INSERT INTO Creature_Defs (id, name, type, size_index, cr, hp, ac, biomes_json) VALUES ('8d1abd2d-e214-444f-b920-31fe3e7e09b1', 'Alligator', 'Beast', 6, 2, 30, 14, '[6]');
INSERT INTO Creature_Attacks (creature_id, attack_name) VALUES ('8d1abd2d-e214-444f-b920-31fe3e7e09b1', 'Bite');
INSERT INTO Creature_Attacks (creature_id, attack_name) VALUES ('8d1abd2d-e214-444f-b920-31fe3e7e09b1', 'Tail Whip');
INSERT INTO Creature_Defs (id, name, type, size_index, cr, hp, ac, biomes_json) VALUES ('6e2d72e2-23de-4ffb-8c65-a080595cccfc', 'Caiman', 'Beast', 4, 1, 18, 13, '[9,6]');
INSERT INTO Creature_Attacks (creature_id, attack_name) VALUES ('6e2d72e2-23de-4ffb-8c65-a080595cccfc', 'Bite');
INSERT INTO Creature_Defs (id, name, type, size_index, cr, hp, ac, biomes_json) VALUES ('b50060c0-fc84-43b1-b467-e064c6ad66f7', 'Gharial', 'Beast', 6, 1, 25, 12, '[6]');
INSERT INTO Creature_Attacks (creature_id, attack_name) VALUES ('b50060c0-fc84-43b1-b467-e064c6ad66f7', 'Bite');
INSERT INTO Creature_Attacks (creature_id, attack_name) VALUES ('b50060c0-fc84-43b1-b467-e064c6ad66f7', 'Tail Whip');
INSERT INTO Creature_Defs (id, name, type, size_index, cr, hp, ac, biomes_json) VALUES ('f84f52a2-8d36-46c6-b693-20ff6333247b', 'Komodo', 'Beast', 4, 2, 25, 13, '[9]');
INSERT INTO Creature_Attacks (creature_id, attack_name) VALUES ('f84f52a2-8d36-46c6-b693-20ff6333247b', 'Toxic Chomp');
INSERT INTO Creature_Attacks (creature_id, attack_name) VALUES ('f84f52a2-8d36-46c6-b693-20ff6333247b', 'Claw');
INSERT INTO Creature_Defs (id, name, type, size_index, cr, hp, ac, biomes_json) VALUES ('c55c8bfd-25c6-4896-b8cf-4f1c734ce6ec', 'Cobra', 'Beast', 3, 1, 10, 14, '[9,8]');
INSERT INTO Creature_Attacks (creature_id, attack_name) VALUES ('c55c8bfd-25c6-4896-b8cf-4f1c734ce6ec', 'Venomous Bite');
INSERT INTO Creature_Attacks (creature_id, attack_name) VALUES ('c55c8bfd-25c6-4896-b8cf-4f1c734ce6ec', 'Venom Spit');
INSERT INTO Creature_Defs (id, name, type, size_index, cr, hp, ac, biomes_json) VALUES ('09fc41a1-be06-4887-93ce-10a70a29c89e', 'Python', 'Beast', 6, 2, 20, 12, '[9,6]');
INSERT INTO Creature_Attacks (creature_id, attack_name) VALUES ('09fc41a1-be06-4887-93ce-10a70a29c89e', 'Python Squeeze');
INSERT INTO Creature_Attacks (creature_id, attack_name) VALUES ('09fc41a1-be06-4887-93ce-10a70a29c89e', 'Bite');
INSERT INTO Creature_Defs (id, name, type, size_index, cr, hp, ac, biomes_json) VALUES ('9336bce4-0f52-4e70-85d8-19854353833a', 'Turtle', 'Beast', 3, 0, 10, 16, '[6,0]');
INSERT INTO Creature_Attacks (creature_id, attack_name) VALUES ('9336bce4-0f52-4e70-85d8-19854353833a', 'Bite');
INSERT INTO Creature_Defs (id, name, type, size_index, cr, hp, ac, biomes_json) VALUES ('940c4190-a519-408c-8a2a-35c41ced5e81', 'Tortoise', 'Beast', 4, 0.13, 15, 17, '[7,8]');
INSERT INTO Creature_Attacks (creature_id, attack_name) VALUES ('940c4190-a519-408c-8a2a-35c41ced5e81', 'Bite');
INSERT INTO Creature_Defs (id, name, type, size_index, cr, hp, ac, biomes_json) VALUES ('363ccb72-e0d8-4f18-a266-fbb435c00f44', 'Iguana', 'Beast', 3, 0.25, 8, 13, '[9,5]');
INSERT INTO Creature_Attacks (creature_id, attack_name) VALUES ('363ccb72-e0d8-4f18-a266-fbb435c00f44', 'Bite');
INSERT INTO Creature_Attacks (creature_id, attack_name) VALUES ('363ccb72-e0d8-4f18-a266-fbb435c00f44', 'Tail Whip');
INSERT INTO Creature_Defs (id, name, type, size_index, cr, hp, ac, biomes_json) VALUES ('85b271e7-8298-4754-a10b-cb32d27efb29', 'Gecko', 'Beast', 2, 0, 2, 12, '[9,7]');
INSERT INTO Creature_Attacks (creature_id, attack_name) VALUES ('85b271e7-8298-4754-a10b-cb32d27efb29', 'Nibble');
INSERT INTO Creature_Defs (id, name, type, size_index, cr, hp, ac, biomes_json) VALUES ('27e47e64-81b7-404d-bf70-643bb8297b4c', 'Chameleon', 'Beast', 2, 0, 3, 11, '[9,5]');
INSERT INTO Creature_Attacks (creature_id, attack_name) VALUES ('27e47e64-81b7-404d-bf70-643bb8297b4c', 'Bite');
INSERT INTO Creature_Defs (id, name, type, size_index, cr, hp, ac, biomes_json) VALUES ('ff33323c-a4dc-4a32-83eb-43ab7b7987fc', 'Skink', 'Beast', 2, 0, 2, 12, '[5,7]');
INSERT INTO Creature_Attacks (creature_id, attack_name) VALUES ('ff33323c-a4dc-4a32-83eb-43ab7b7987fc', 'Nibble');
INSERT INTO Creature_Defs (id, name, type, size_index, cr, hp, ac, biomes_json) VALUES ('d033c083-e955-46e2-a767-d206311bd87e', 'Monitor', 'Beast', 4, 1, 18, 13, '[7,8,9]');
INSERT INTO Creature_Attacks (creature_id, attack_name) VALUES ('d033c083-e955-46e2-a767-d206311bd87e', 'Bite');
INSERT INTO Creature_Attacks (creature_id, attack_name) VALUES ('d033c083-e955-46e2-a767-d206311bd87e', 'Claw');
INSERT INTO Creature_Defs (id, name, type, size_index, cr, hp, ac, biomes_json) VALUES ('18c06660-9d49-44d2-86b7-7141dd603f88', 'Viper', 'Beast', 2, 0.5, 5, 13, '[4,5,7]');
INSERT INTO Creature_Attacks (creature_id, attack_name) VALUES ('18c06660-9d49-44d2-86b7-7141dd603f88', 'Venomous Bite');
INSERT INTO Creature_Defs (id, name, type, size_index, cr, hp, ac, biomes_json) VALUES ('7053bf42-5692-4199-8058-56aa8fe2d694', 'Boa', 'Beast', 4, 1, 16, 12, '[9]');
INSERT INTO Creature_Attacks (creature_id, attack_name) VALUES ('7053bf42-5692-4199-8058-56aa8fe2d694', 'Python Squeeze');
INSERT INTO Creature_Defs (id, name, type, size_index, cr, hp, ac, biomes_json) VALUES ('1dc9d128-c4a9-4751-a473-97a8340f9caa', 'Anaconda', 'Beast', 6, 3, 40, 13, '[9,6]');
INSERT INTO Creature_Attacks (creature_id, attack_name) VALUES ('1dc9d128-c4a9-4751-a473-97a8340f9caa', 'Python Squeeze');
INSERT INTO Creature_Attacks (creature_id, attack_name) VALUES ('1dc9d128-c4a9-4751-a473-97a8340f9caa', 'Bite');
INSERT INTO Creature_Defs (id, name, type, size_index, cr, hp, ac, biomes_json) VALUES ('6d181692-06b4-44fe-9451-c94a99cb697f', 'Mamba', 'Beast', 3, 2, 12, 16, '[8]');
INSERT INTO Creature_Attacks (creature_id, attack_name) VALUES ('6d181692-06b4-44fe-9451-c94a99cb697f', 'Neurotoxic Sting');
INSERT INTO Creature_Defs (id, name, type, size_index, cr, hp, ac, biomes_json) VALUES ('75f1adb2-f575-435f-a3ff-4b94d83173a4', 'Adder', 'Beast', 2, 0.25, 4, 12, '[3,4]');
INSERT INTO Creature_Attacks (creature_id, attack_name) VALUES ('75f1adb2-f575-435f-a3ff-4b94d83173a4', 'Venomous Bite');
INSERT INTO Creature_Defs (id, name, type, size_index, cr, hp, ac, biomes_json) VALUES ('471680c5-ac23-478e-9b5d-ff93805f0104', 'Rattlesnake', 'Beast', 3, 0.5, 8, 13, '[7,4]');
INSERT INTO Creature_Attacks (creature_id, attack_name) VALUES ('471680c5-ac23-478e-9b5d-ff93805f0104', 'Venomous Bite');
INSERT INTO Creature_Defs (id, name, type, size_index, cr, hp, ac, biomes_json) VALUES ('759bcd69-ee9e-4fdb-b7d4-00ce2275625f', 'Taipan', 'Beast', 4, 3, 15, 15, '[7,9]');
INSERT INTO Creature_Attacks (creature_id, attack_name) VALUES ('759bcd69-ee9e-4fdb-b7d4-00ce2275625f', 'Neurotoxic Sting');
INSERT INTO Creature_Defs (id, name, type, size_index, cr, hp, ac, biomes_json) VALUES ('82a0d106-ea1b-4df0-a9b8-e4f1b4b232e2', 'Krait', 'Beast', 2, 1, 5, 14, '[9]');
INSERT INTO Creature_Attacks (creature_id, attack_name) VALUES ('82a0d106-ea1b-4df0-a9b8-e4f1b4b232e2', 'Neurotoxic Sting');
INSERT INTO Creature_Defs (id, name, type, size_index, cr, hp, ac, biomes_json) VALUES ('95335258-b3dc-456c-805e-57e1b46bf2f6', 'Copperhead', 'Beast', 3, 0.5, 9, 12, '[5]');
INSERT INTO Creature_Attacks (creature_id, attack_name) VALUES ('95335258-b3dc-456c-805e-57e1b46bf2f6', 'Venomous Bite');
INSERT INTO Creature_Defs (id, name, type, size_index, cr, hp, ac, biomes_json) VALUES ('3cc9c635-4414-4f38-85bb-b8ee21ef7e63', 'Cottonmouth', 'Beast', 3, 0.5, 10, 12, '[6]');
INSERT INTO Creature_Attacks (creature_id, attack_name) VALUES ('3cc9c635-4414-4f38-85bb-b8ee21ef7e63', 'Venomous Bite');
INSERT INTO Creature_Defs (id, name, type, size_index, cr, hp, ac, biomes_json) VALUES ('f09adeaf-2edb-4cad-a756-9c7a63aeb328', 'Basilisk', 'Beast', 3, 0.13, 5, 13, '[9,6]');
INSERT INTO Creature_Attacks (creature_id, attack_name) VALUES ('f09adeaf-2edb-4cad-a756-9c7a63aeb328', 'Bite');
INSERT INTO Creature_Defs (id, name, type, size_index, cr, hp, ac, biomes_json) VALUES ('24562128-14f2-4ae8-8e04-eb88de481066', 'Eagle', 'Beast', 3, 1, 10, 13, '[2,3,4]');
INSERT INTO Creature_Attacks (creature_id, attack_name) VALUES ('24562128-14f2-4ae8-8e04-eb88de481066', 'Talon');
INSERT INTO Creature_Attacks (creature_id, attack_name) VALUES ('24562128-14f2-4ae8-8e04-eb88de481066', 'Peck');
INSERT INTO Creature_Defs (id, name, type, size_index, cr, hp, ac, biomes_json) VALUES ('c8a05fdd-7fbf-4bb2-a52e-9b5c60c4698c', 'Hawk', 'Beast', 2, 0.5, 5, 13, '[4,5]');
INSERT INTO Creature_Attacks (creature_id, attack_name) VALUES ('c8a05fdd-7fbf-4bb2-a52e-9b5c60c4698c', 'Talon');
INSERT INTO Creature_Attacks (creature_id, attack_name) VALUES ('c8a05fdd-7fbf-4bb2-a52e-9b5c60c4698c', 'Dive Bomb');
INSERT INTO Creature_Defs (id, name, type, size_index, cr, hp, ac, biomes_json) VALUES ('6418575b-3928-47b9-88d5-9c4949e01e94', 'Vulture', 'Beast', 4, 1, 12, 11, '[7,8]');
INSERT INTO Creature_Attacks (creature_id, attack_name) VALUES ('6418575b-3928-47b9-88d5-9c4949e01e94', 'Hooked Beak');
INSERT INTO Creature_Defs (id, name, type, size_index, cr, hp, ac, biomes_json) VALUES ('8a0d76da-e4aa-4001-b3d5-7c9e4d74def4', 'Ostrich', 'Beast', 6, 1, 20, 11, '[8]');
INSERT INTO Creature_Attacks (creature_id, attack_name) VALUES ('8a0d76da-e4aa-4001-b3d5-7c9e4d74def4', 'Kick');
INSERT INTO Creature_Defs (id, name, type, size_index, cr, hp, ac, biomes_json) VALUES ('68a4c303-250a-4e49-ab76-05e1458dbce5', 'Cassowary', 'Beast', 4, 2, 18, 12, '[9]');
INSERT INTO Creature_Attacks (creature_id, attack_name) VALUES ('68a4c303-250a-4e49-ab76-05e1458dbce5', 'Eviscerate');
INSERT INTO Creature_Attacks (creature_id, attack_name) VALUES ('68a4c303-250a-4e49-ab76-05e1458dbce5', 'Kick');
INSERT INTO Creature_Defs (id, name, type, size_index, cr, hp, ac, biomes_json) VALUES ('1f93cd34-fd2b-4555-a1c5-0ba3582f3df5', 'Owl', 'Beast', 2, 0.5, 6, 13, '[5,3]');
INSERT INTO Creature_Attacks (creature_id, attack_name) VALUES ('1f93cd34-fd2b-4555-a1c5-0ba3582f3df5', 'Talon');
INSERT INTO Creature_Attacks (creature_id, attack_name) VALUES ('1f93cd34-fd2b-4555-a1c5-0ba3582f3df5', 'Dive Bomb');
INSERT INTO Creature_Defs (id, name, type, size_index, cr, hp, ac, biomes_json) VALUES ('903d5654-51bb-4ecd-89d0-39c9ba171a58', 'Swan', 'Beast', 3, 0.25, 8, 11, '[6,4]');
INSERT INTO Creature_Attacks (creature_id, attack_name) VALUES ('903d5654-51bb-4ecd-89d0-39c9ba171a58', 'Swan Strike');
INSERT INTO Creature_Attacks (creature_id, attack_name) VALUES ('903d5654-51bb-4ecd-89d0-39c9ba171a58', 'Wing Buffet');
INSERT INTO Creature_Defs (id, name, type, size_index, cr, hp, ac, biomes_json) VALUES ('4c1ba1c3-b623-40c5-8b9b-f8a48106fffd', 'Falcon', 'Beast', 2, 0.5, 4, 15, '[4,3]');
INSERT INTO Creature_Attacks (creature_id, attack_name) VALUES ('4c1ba1c3-b623-40c5-8b9b-f8a48106fffd', 'Dive Bomb');
INSERT INTO Creature_Attacks (creature_id, attack_name) VALUES ('4c1ba1c3-b623-40c5-8b9b-f8a48106fffd', 'Talon');
INSERT INTO Creature_Defs (id, name, type, size_index, cr, hp, ac, biomes_json) VALUES ('33411a93-53b4-45df-84b9-73789bdfc94f', 'Buzzard', 'Beast', 3, 0.25, 7, 12, '[4,5]');
INSERT INTO Creature_Attacks (creature_id, attack_name) VALUES ('33411a93-53b4-45df-84b9-73789bdfc94f', 'Talon');
INSERT INTO Creature_Defs (id, name, type, size_index, cr, hp, ac, biomes_json) VALUES ('50578cdf-0d0f-4635-a943-3f61b5c37674', 'Kite', 'Beast', 2, 0.13, 3, 13, '[4,5]');
INSERT INTO Creature_Attacks (creature_id, attack_name) VALUES ('50578cdf-0d0f-4635-a943-3f61b5c37674', 'Talon');
INSERT INTO Creature_Defs (id, name, type, size_index, cr, hp, ac, biomes_json) VALUES ('498e07bc-6f52-44c3-bb04-fb20e2441327', 'Osprey', 'Beast', 3, 0.5, 8, 13, '[6,10]');
INSERT INTO Creature_Attacks (creature_id, attack_name) VALUES ('498e07bc-6f52-44c3-bb04-fb20e2441327', 'Talon');
INSERT INTO Creature_Attacks (creature_id, attack_name) VALUES ('498e07bc-6f52-44c3-bb04-fb20e2441327', 'Dive Bomb');
INSERT INTO Creature_Defs (id, name, type, size_index, cr, hp, ac, biomes_json) VALUES ('b40bbdcd-9d88-4507-8f46-30b9fd443832', 'Condor', 'Beast', 4, 1, 15, 12, '[3]');
INSERT INTO Creature_Attacks (creature_id, attack_name) VALUES ('b40bbdcd-9d88-4507-8f46-30b9fd443832', 'Hooked Beak');
INSERT INTO Creature_Attacks (creature_id, attack_name) VALUES ('b40bbdcd-9d88-4507-8f46-30b9fd443832', 'Talon');
INSERT INTO Creature_Defs (id, name, type, size_index, cr, hp, ac, biomes_json) VALUES ('fb4e89ee-be7d-410c-b1be-8df25cc38d92', 'Pelican', 'Beast', 3, 0.25, 9, 11, '[10,6]');
INSERT INTO Creature_Attacks (creature_id, attack_name) VALUES ('fb4e89ee-be7d-410c-b1be-8df25cc38d92', 'Bill Thrust');
INSERT INTO Creature_Attacks (creature_id, attack_name) VALUES ('fb4e89ee-be7d-410c-b1be-8df25cc38d92', 'Peck');
INSERT INTO Creature_Defs (id, name, type, size_index, cr, hp, ac, biomes_json) VALUES ('b14c8f04-2113-4a33-9e55-d74dbb2b1faf', 'Albatross', 'Beast', 4, 0.5, 12, 12, '[10]');
INSERT INTO Creature_Attacks (creature_id, attack_name) VALUES ('b14c8f04-2113-4a33-9e55-d74dbb2b1faf', 'Wing Buffet');
INSERT INTO Creature_Attacks (creature_id, attack_name) VALUES ('b14c8f04-2113-4a33-9e55-d74dbb2b1faf', 'Peck');
INSERT INTO Creature_Defs (id, name, type, size_index, cr, hp, ac, biomes_json) VALUES ('3b97c26f-8374-47ea-9ef1-fd58ccd62c6e', 'Gull', 'Beast', 2, 0.13, 3, 12, '[10,1]');
INSERT INTO Creature_Attacks (creature_id, attack_name) VALUES ('3b97c26f-8374-47ea-9ef1-fd58ccd62c6e', 'Peck');
INSERT INTO Creature_Defs (id, name, type, size_index, cr, hp, ac, biomes_json) VALUES ('65dadca9-a21a-410f-8af8-91057342274b', 'Penguin', 'Beast', 3, 0.13, 7, 12, '[2]');
INSERT INTO Creature_Attacks (creature_id, attack_name) VALUES ('65dadca9-a21a-410f-8af8-91057342274b', 'Peck');
INSERT INTO Creature_Attacks (creature_id, attack_name) VALUES ('65dadca9-a21a-410f-8af8-91057342274b', 'Fin Slash');
INSERT INTO Creature_Defs (id, name, type, size_index, cr, hp, ac, biomes_json) VALUES ('e362a737-61b2-4eb3-bb87-fad26dd2f9d8', 'Heron', 'Beast', 3, 0.25, 6, 12, '[6]');
INSERT INTO Creature_Attacks (creature_id, attack_name) VALUES ('e362a737-61b2-4eb3-bb87-fad26dd2f9d8', 'Bill Thrust');
INSERT INTO Creature_Defs (id, name, type, size_index, cr, hp, ac, biomes_json) VALUES ('0f3cee92-9410-459f-a2df-2517f29de8e9', 'Stork', 'Beast', 3, 0.25, 7, 12, '[6]');
INSERT INTO Creature_Attacks (creature_id, attack_name) VALUES ('0f3cee92-9410-459f-a2df-2517f29de8e9', 'Bill Thrust');
INSERT INTO Creature_Defs (id, name, type, size_index, cr, hp, ac, biomes_json) VALUES ('5850a4d0-a048-431f-8083-0068823228f2', 'Crane', 'Beast', 4, 0.25, 9, 12, '[6,4]');
INSERT INTO Creature_Attacks (creature_id, attack_name) VALUES ('5850a4d0-a048-431f-8083-0068823228f2', 'Bill Thrust');
INSERT INTO Creature_Attacks (creature_id, attack_name) VALUES ('5850a4d0-a048-431f-8083-0068823228f2', 'Wing Buffet');
INSERT INTO Creature_Defs (id, name, type, size_index, cr, hp, ac, biomes_json) VALUES ('d1d6f954-a278-4c6d-a6cc-7720800c5f44', 'Flamingo', 'Beast', 3, 0.13, 6, 11, '[6]');
INSERT INTO Creature_Attacks (creature_id, attack_name) VALUES ('d1d6f954-a278-4c6d-a6cc-7720800c5f44', 'Peck');
INSERT INTO Creature_Defs (id, name, type, size_index, cr, hp, ac, biomes_json) VALUES ('9f93ae4f-0a9f-4aca-ba08-9f448c4ba793', 'Parrot', 'Beast', 2, 0, 2, 12, '[9]');
INSERT INTO Creature_Attacks (creature_id, attack_name) VALUES ('9f93ae4f-0a9f-4aca-ba08-9f448c4ba793', 'Peck');
INSERT INTO Creature_Defs (id, name, type, size_index, cr, hp, ac, biomes_json) VALUES ('e3fe13c5-2d8a-4c6e-8826-c574b20f14ba', 'Macaw', 'Beast', 2, 0.13, 4, 12, '[9]');
INSERT INTO Creature_Attacks (creature_id, attack_name) VALUES ('e3fe13c5-2d8a-4c6e-8826-c574b20f14ba', 'Macaw Crush');
INSERT INTO Creature_Defs (id, name, type, size_index, cr, hp, ac, biomes_json) VALUES ('673cb859-6800-4276-8ec1-c48b1f2e62ef', 'Toucan', 'Beast', 2, 0.13, 3, 11, '[9]');
INSERT INTO Creature_Attacks (creature_id, attack_name) VALUES ('673cb859-6800-4276-8ec1-c48b1f2e62ef', 'Bill Thrust');
INSERT INTO Creature_Defs (id, name, type, size_index, cr, hp, ac, biomes_json) VALUES ('3fb6b4b4-7c6b-49c9-b40b-16581db21bf4', 'Woodpecker', 'Beast', 2, 0, 2, 13, '[5]');
INSERT INTO Creature_Attacks (creature_id, attack_name) VALUES ('3fb6b4b4-7c6b-49c9-b40b-16581db21bf4', 'Peck');
INSERT INTO Creature_Defs (id, name, type, size_index, cr, hp, ac, biomes_json) VALUES ('2d35e0d6-5d4e-4f12-8214-2d568e7b944a', 'Crow', 'Beast', 2, 0, 2, 12, '[4,1]');
INSERT INTO Creature_Attacks (creature_id, attack_name) VALUES ('2d35e0d6-5d4e-4f12-8214-2d568e7b944a', 'Peck');
INSERT INTO Creature_Defs (id, name, type, size_index, cr, hp, ac, biomes_json) VALUES ('f936f776-d3c3-4744-bea3-69954b9c6fee', 'Raven', 'Beast', 2, 0.13, 3, 12, '[3,5]');
INSERT INTO Creature_Attacks (creature_id, attack_name) VALUES ('f936f776-d3c3-4744-bea3-69954b9c6fee', 'Peck');
INSERT INTO Creature_Attacks (creature_id, attack_name) VALUES ('f936f776-d3c3-4744-bea3-69954b9c6fee', 'Talon');
INSERT INTO Creature_Defs (id, name, type, size_index, cr, hp, ac, biomes_json) VALUES ('88930ccf-932b-441c-8d25-f56feb739955', 'Pigeon', 'Beast', 2, 0, 1, 11, '[1]');
INSERT INTO Creature_Attacks (creature_id, attack_name) VALUES ('88930ccf-932b-441c-8d25-f56feb739955', 'Peck');
INSERT INTO Creature_Defs (id, name, type, size_index, cr, hp, ac, biomes_json) VALUES ('272fe0dd-846e-4e8e-8800-f3e2210c9605', 'Scorpion', 'Beast', 2, 0.13, 2, 12, '[7,9]');
INSERT INTO Creature_Attacks (creature_id, attack_name) VALUES ('272fe0dd-846e-4e8e-8800-f3e2210c9605', 'Sting');
INSERT INTO Creature_Defs (id, name, type, size_index, cr, hp, ac, biomes_json) VALUES ('ed0d7bc1-d6f8-43d4-bcff-9862d45a61ec', 'Spider', 'Beast', 2, 0.13, 1, 12, '[5,11]');
INSERT INTO Creature_Attacks (creature_id, attack_name) VALUES ('ed0d7bc1-d6f8-43d4-bcff-9862d45a61ec', 'Venomous Bite');
INSERT INTO Creature_Defs (id, name, type, size_index, cr, hp, ac, biomes_json) VALUES ('e396aded-4624-4e78-8074-07c793ffe129', 'Ant', 'Beast', 2, 0, 1, 10, '[4,7]');
INSERT INTO Creature_Attacks (creature_id, attack_name) VALUES ('e396aded-4624-4e78-8074-07c793ffe129', 'Nibble');
INSERT INTO Creature_Defs (id, name, type, size_index, cr, hp, ac, biomes_json) VALUES ('8bb26676-1d88-40eb-ae2d-c896bbf1bcf7', 'Wasp', 'Beast', 2, 0.13, 2, 13, '[5,9]');
INSERT INTO Creature_Attacks (creature_id, attack_name) VALUES ('8bb26676-1d88-40eb-ae2d-c896bbf1bcf7', 'Sting');
INSERT INTO Creature_Defs (id, name, type, size_index, cr, hp, ac, biomes_json) VALUES ('24437b76-e7e2-4ae0-9750-82550156c1f3', 'Centipede', 'Beast', 2, 0.13, 2, 11, '[11,9]');
INSERT INTO Creature_Attacks (creature_id, attack_name) VALUES ('24437b76-e7e2-4ae0-9750-82550156c1f3', 'Venomous Bite');
INSERT INTO Creature_Defs (id, name, type, size_index, cr, hp, ac, biomes_json) VALUES ('d997cb1c-e705-40c2-a1ac-03d3da1dc1cf', 'Beetle', 'Beast', 2, 0, 3, 14, '[5,9]');
INSERT INTO Creature_Attacks (creature_id, attack_name) VALUES ('d997cb1c-e705-40c2-a1ac-03d3da1dc1cf', 'Mandible Pinch');
INSERT INTO Creature_Defs (id, name, type, size_index, cr, hp, ac, biomes_json) VALUES ('e203f6c6-8e77-4f17-8262-3ad3f3f2a671', 'Mantis', 'Beast', 2, 0.13, 2, 12, '[9,5]');
INSERT INTO Creature_Attacks (creature_id, attack_name) VALUES ('e203f6c6-8e77-4f17-8262-3ad3f3f2a671', 'Mantis Scythe');
INSERT INTO Creature_Defs (id, name, type, size_index, cr, hp, ac, biomes_json) VALUES ('bc6d71f0-120b-4eee-b934-6097b58d9892', 'Bee', 'Beast', 2, 0, 1, 11, '[4,5]');
INSERT INTO Creature_Attacks (creature_id, attack_name) VALUES ('bc6d71f0-120b-4eee-b934-6097b58d9892', 'Sting');
INSERT INTO Creature_Defs (id, name, type, size_index, cr, hp, ac, biomes_json) VALUES ('ec20f1fc-1ee0-4c6b-9469-508fa9253ecc', 'Hornet', 'Beast', 2, 0.25, 3, 13, '[5]');
INSERT INTO Creature_Attacks (creature_id, attack_name) VALUES ('ec20f1fc-1ee0-4c6b-9469-508fa9253ecc', 'Sting');
INSERT INTO Creature_Defs (id, name, type, size_index, cr, hp, ac, biomes_json) VALUES ('37875aa8-2c25-41c4-95f9-70521af3a8fe', 'Locust', 'Beast', 2, 0, 1, 11, '[7,4]');
INSERT INTO Creature_Attacks (creature_id, attack_name) VALUES ('37875aa8-2c25-41c4-95f9-70521af3a8fe', 'Nibble');
INSERT INTO Creature_Defs (id, name, type, size_index, cr, hp, ac, biomes_json) VALUES ('3a19f5c2-ec25-4059-a661-8ab29241b0e5', 'Grasshopper', 'Beast', 2, 0, 1, 12, '[4]');
INSERT INTO Creature_Attacks (creature_id, attack_name) VALUES ('3a19f5c2-ec25-4059-a661-8ab29241b0e5', 'Kick');
INSERT INTO Creature_Defs (id, name, type, size_index, cr, hp, ac, biomes_json) VALUES ('bf183552-d9fb-4e92-b8ca-011caaed8f3f', 'Moth', 'Beast', 2, 0, 1, 10, '[5,9]');
INSERT INTO Creature_Attacks (creature_id, attack_name) VALUES ('bf183552-d9fb-4e92-b8ca-011caaed8f3f', 'Toxic Spores');
INSERT INTO Creature_Defs (id, name, type, size_index, cr, hp, ac, biomes_json) VALUES ('4d225372-7a6f-4745-936f-aa2734439554', 'Butterfly', 'Beast', 2, 0, 1, 11, '[5,9]');
INSERT INTO Creature_Attacks (creature_id, attack_name) VALUES ('4d225372-7a6f-4745-936f-aa2734439554', 'None');
INSERT INTO Creature_Defs (id, name, type, size_index, cr, hp, ac, biomes_json) VALUES ('353d996e-79d3-4847-8557-7c5caa5b06a4', 'Dragonfly', 'Beast', 2, 0, 1, 14, '[6]');
INSERT INTO Creature_Attacks (creature_id, attack_name) VALUES ('353d996e-79d3-4847-8557-7c5caa5b06a4', 'Bite');
INSERT INTO Creature_Defs (id, name, type, size_index, cr, hp, ac, biomes_json) VALUES ('0af21565-ad03-4e48-b4d1-9b1fd5a6577c', 'Mosquito', 'Beast', 2, 0, 1, 12, '[6,9]');
INSERT INTO Creature_Attacks (creature_id, attack_name) VALUES ('0af21565-ad03-4e48-b4d1-9b1fd5a6577c', 'Vampiric Drain');
INSERT INTO Creature_Defs (id, name, type, size_index, cr, hp, ac, biomes_json) VALUES ('2df0745a-0092-480d-b1f9-1ebd9fb924c3', 'Tick', 'Beast', 2, 0, 1, 10, '[5,4]');
INSERT INTO Creature_Attacks (creature_id, attack_name) VALUES ('2df0745a-0092-480d-b1f9-1ebd9fb924c3', 'Leech Latch');
INSERT INTO Creature_Defs (id, name, type, size_index, cr, hp, ac, biomes_json) VALUES ('ff3dd1e0-c0e0-4bb8-bb48-59a9d9291972', 'Termite', 'Beast', 2, 0, 1, 10, '[9,8]');
INSERT INTO Creature_Attacks (creature_id, attack_name) VALUES ('ff3dd1e0-c0e0-4bb8-bb48-59a9d9291972', 'Mandible Pinch');
INSERT INTO Creature_Defs (id, name, type, size_index, cr, hp, ac, biomes_json) VALUES ('0554c936-6757-4140-b4d5-f8eab83c9ca4', 'Cockroach', 'Beast', 2, 0, 1, 13, '[1,11]');
INSERT INTO Creature_Attacks (creature_id, attack_name) VALUES ('0554c936-6757-4140-b4d5-f8eab83c9ca4', 'Nibble');
INSERT INTO Creature_Defs (id, name, type, size_index, cr, hp, ac, biomes_json) VALUES ('6a04200a-8f3e-4477-90ff-a3781b74921c', 'Silverfish', 'Beast', 2, 0, 1, 11, '[11]');
INSERT INTO Creature_Attacks (creature_id, attack_name) VALUES ('6a04200a-8f3e-4477-90ff-a3781b74921c', 'Nibble');
INSERT INTO Creature_Defs (id, name, type, size_index, cr, hp, ac, biomes_json) VALUES ('3873a6cb-291a-47c0-be5a-545eebc98a7a', 'Firefly', 'Beast', 2, 0, 1, 11, '[5]');
INSERT INTO Creature_Attacks (creature_id, attack_name) VALUES ('3873a6cb-291a-47c0-be5a-545eebc98a7a', 'Thermal Flash');
INSERT INTO Creature_Defs (id, name, type, size_index, cr, hp, ac, biomes_json) VALUES ('d3e1f290-35fb-47c9-843d-167c37980486', 'Millipede', 'Beast', 2, 0, 2, 12, '[5,9]');
INSERT INTO Creature_Attacks (creature_id, attack_name) VALUES ('d3e1f290-35fb-47c9-843d-167c37980486', 'Venom Spit');
INSERT INTO Creature_Defs (id, name, type, size_index, cr, hp, ac, biomes_json) VALUES ('65cca567-a1be-4edd-afc7-d156a2748626', 'Tarantula', 'Beast', 2, 0.25, 4, 11, '[7,9]');
INSERT INTO Creature_Attacks (creature_id, attack_name) VALUES ('65cca567-a1be-4edd-afc7-d156a2748626', 'Venomous Bite');
INSERT INTO Creature_Attacks (creature_id, attack_name) VALUES ('65cca567-a1be-4edd-afc7-d156a2748626', 'Quill Shoot');
INSERT INTO Creature_Defs (id, name, type, size_index, cr, hp, ac, biomes_json) VALUES ('7c1ee61f-2b85-4e8c-a781-baced8e15193', 'Gorilla', 'Beast', 6, 3, 45, 13, '[9]');
INSERT INTO Creature_Attacks (creature_id, attack_name) VALUES ('7c1ee61f-2b85-4e8c-a781-baced8e15193', 'Slam');
INSERT INTO Creature_Attacks (creature_id, attack_name) VALUES ('7c1ee61f-2b85-4e8c-a781-baced8e15193', 'Crushing Jaw');
INSERT INTO Creature_Defs (id, name, type, size_index, cr, hp, ac, biomes_json) VALUES ('d10c4989-1ccc-4f99-a028-91346052fc8d', 'Chimpanzee', 'Beast', 4, 1, 20, 12, '[9]');
INSERT INTO Creature_Attacks (creature_id, attack_name) VALUES ('d10c4989-1ccc-4f99-a028-91346052fc8d', 'Bite');
INSERT INTO Creature_Attacks (creature_id, attack_name) VALUES ('d10c4989-1ccc-4f99-a028-91346052fc8d', 'Scratch');
INSERT INTO Creature_Defs (id, name, type, size_index, cr, hp, ac, biomes_json) VALUES ('2e73056a-77bc-495c-9ed8-5dce0a64d0a4', 'Baboon', 'Beast', 4, 1, 18, 12, '[8,9]');
INSERT INTO Creature_Attacks (creature_id, attack_name) VALUES ('2e73056a-77bc-495c-9ed8-5dce0a64d0a4', 'Bite');
INSERT INTO Creature_Attacks (creature_id, attack_name) VALUES ('2e73056a-77bc-495c-9ed8-5dce0a64d0a4', 'Claw');
INSERT INTO Creature_Defs (id, name, type, size_index, cr, hp, ac, biomes_json) VALUES ('c5ad3f59-f1b1-472f-88b1-4153af3064b2', 'Orangutan', 'Beast', 4, 2, 30, 11, '[9]');
INSERT INTO Creature_Attacks (creature_id, attack_name) VALUES ('c5ad3f59-f1b1-472f-88b1-4153af3064b2', 'Slam');
INSERT INTO Creature_Attacks (creature_id, attack_name) VALUES ('c5ad3f59-f1b1-472f-88b1-4153af3064b2', 'Bite');
INSERT INTO Creature_Defs (id, name, type, size_index, cr, hp, ac, biomes_json) VALUES ('63ee342e-38f5-4df5-bcb6-f5cfcb216618', 'Bonobo', 'Beast', 4, 0.5, 15, 12, '[9]');
INSERT INTO Creature_Attacks (creature_id, attack_name) VALUES ('63ee342e-38f5-4df5-bcb6-f5cfcb216618', 'Bite');
INSERT INTO Creature_Attacks (creature_id, attack_name) VALUES ('63ee342e-38f5-4df5-bcb6-f5cfcb216618', 'Scratch');
INSERT INTO Creature_Defs (id, name, type, size_index, cr, hp, ac, biomes_json) VALUES ('d61c680e-dca0-4b8d-8070-716c077db7be', 'Gibbon', 'Beast', 3, 0.5, 12, 14, '[9]');
INSERT INTO Creature_Attacks (creature_id, attack_name) VALUES ('d61c680e-dca0-4b8d-8070-716c077db7be', 'Scratch');
INSERT INTO Creature_Defs (id, name, type, size_index, cr, hp, ac, biomes_json) VALUES ('7a4adcb9-7dbb-4d8a-9d6f-0fb7594a9537', 'Macaque', 'Beast', 3, 0.5, 10, 13, '[9,5]');
INSERT INTO Creature_Attacks (creature_id, attack_name) VALUES ('7a4adcb9-7dbb-4d8a-9d6f-0fb7594a9537', 'Bite');
INSERT INTO Creature_Attacks (creature_id, attack_name) VALUES ('7a4adcb9-7dbb-4d8a-9d6f-0fb7594a9537', 'Scratch');
INSERT INTO Creature_Defs (id, name, type, size_index, cr, hp, ac, biomes_json) VALUES ('d000ee58-df4d-4251-a090-235e72e8616d', 'Mandrill', 'Beast', 4, 1, 18, 13, '[9]');
INSERT INTO Creature_Attacks (creature_id, attack_name) VALUES ('d000ee58-df4d-4251-a090-235e72e8616d', 'Bite');
INSERT INTO Creature_Attacks (creature_id, attack_name) VALUES ('d000ee58-df4d-4251-a090-235e72e8616d', 'Claw');
INSERT INTO Creature_Defs (id, name, type, size_index, cr, hp, ac, biomes_json) VALUES ('8f6a8c5f-71df-439f-b0d2-b207a35bfe06', 'Lemur', 'Beast', 3, 0.13, 6, 12, '[9]');
INSERT INTO Creature_Attacks (creature_id, attack_name) VALUES ('8f6a8c5f-71df-439f-b0d2-b207a35bfe06', 'Bite');
INSERT INTO Creature_Defs (id, name, type, size_index, cr, hp, ac, biomes_json) VALUES ('0277da9a-2ce2-4c2c-8456-4c4b9f6e6cd5', 'Tarsier', 'Beast', 2, 0, 2, 13, '[9]');
INSERT INTO Creature_Attacks (creature_id, attack_name) VALUES ('0277da9a-2ce2-4c2c-8456-4c4b9f6e6cd5', 'Bite');
INSERT INTO Creature_Defs (id, name, type, size_index, cr, hp, ac, biomes_json) VALUES ('367d79e9-2d47-4f27-a79c-47cb0b212082', 'Loris', 'Beast', 2, 0.13, 4, 11, '[9]');
INSERT INTO Creature_Attacks (creature_id, attack_name) VALUES ('367d79e9-2d47-4f27-a79c-47cb0b212082', 'Toxic Chomp');
INSERT INTO Creature_Defs (id, name, type, size_index, cr, hp, ac, biomes_json) VALUES ('74aebe35-07be-4a33-a1f6-31692abdaec7', 'Marmoset', 'Beast', 2, 0, 3, 12, '[9]');
INSERT INTO Creature_Attacks (creature_id, attack_name) VALUES ('74aebe35-07be-4a33-a1f6-31692abdaec7', 'Scratch');
INSERT INTO Creature_Defs (id, name, type, size_index, cr, hp, ac, biomes_json) VALUES ('38a4384e-e570-42e7-84cd-3160db88b666', 'Tamarin', 'Beast', 2, 0, 3, 12, '[9]');
INSERT INTO Creature_Attacks (creature_id, attack_name) VALUES ('38a4384e-e570-42e7-84cd-3160db88b666', 'Scratch');
INSERT INTO Creature_Defs (id, name, type, size_index, cr, hp, ac, biomes_json) VALUES ('90b48a2a-f778-49aa-87ed-532caceb864d', 'Capuchin', 'Beast', 3, 0.13, 5, 13, '[9]');
INSERT INTO Creature_Attacks (creature_id, attack_name) VALUES ('90b48a2a-f778-49aa-87ed-532caceb864d', 'Scratch');
INSERT INTO Creature_Defs (id, name, type, size_index, cr, hp, ac, biomes_json) VALUES ('3dded50a-5fbf-460f-9b23-1fb3baf22971', 'Howler', 'Beast', 3, 0.25, 8, 11, '[9]');
INSERT INTO Creature_Attacks (creature_id, attack_name) VALUES ('3dded50a-5fbf-460f-9b23-1fb3baf22971', 'Sonic Snap');
INSERT INTO Creature_Attacks (creature_id, attack_name) VALUES ('3dded50a-5fbf-460f-9b23-1fb3baf22971', 'Bite');
INSERT INTO Creature_Defs (id, name, type, size_index, cr, hp, ac, biomes_json) VALUES ('bda76c6b-2598-46bc-b7c6-6e0bebb3ebcf', 'Colobus', 'Beast', 3, 0.13, 6, 12, '[9]');
INSERT INTO Creature_Attacks (creature_id, attack_name) VALUES ('bda76c6b-2598-46bc-b7c6-6e0bebb3ebcf', 'Bite');
INSERT INTO Creature_Defs (id, name, type, size_index, cr, hp, ac, biomes_json) VALUES ('b0e17947-fe66-43ce-a7dc-8ae527829423', 'Langur', 'Beast', 3, 0.25, 7, 12, '[9,5]');
INSERT INTO Creature_Attacks (creature_id, attack_name) VALUES ('b0e17947-fe66-43ce-a7dc-8ae527829423', 'Bite');
INSERT INTO Creature_Defs (id, name, type, size_index, cr, hp, ac, biomes_json) VALUES ('a7f24164-5e1a-4957-8090-6552eb616ea6', 'Proboscis', 'Beast', 4, 0.25, 12, 11, '[9,6]');
INSERT INTO Creature_Attacks (creature_id, attack_name) VALUES ('a7f24164-5e1a-4957-8090-6552eb616ea6', 'Bite');
INSERT INTO Creature_Defs (id, name, type, size_index, cr, hp, ac, biomes_json) VALUES ('a98a7ef0-91c8-4c5f-bf82-675a24deefae', 'Aye-Aye', 'Beast', 2, 0.13, 4, 12, '[9]');
INSERT INTO Creature_Attacks (creature_id, attack_name) VALUES ('a98a7ef0-91c8-4c5f-bf82-675a24deefae', 'Scratch');
INSERT INTO Creature_Defs (id, name, type, size_index, cr, hp, ac, biomes_json) VALUES ('acb891cc-a631-4cbd-bd40-1fe9638d4a36', 'Indri', 'Beast', 3, 0.25, 8, 12, '[9]');
INSERT INTO Creature_Attacks (creature_id, attack_name) VALUES ('acb891cc-a631-4cbd-bd40-1fe9638d4a36', 'Bite');
INSERT INTO Creature_Defs (id, name, type, size_index, cr, hp, ac, biomes_json) VALUES ('8dc8d4a0-1f84-43a8-8e37-33e6e2272df1', 'Shark', 'Beast', 6, 2, 30, 13, '[10]');
INSERT INTO Creature_Attacks (creature_id, attack_name) VALUES ('8dc8d4a0-1f84-43a8-8e37-33e6e2272df1', 'Serrated Bite');
INSERT INTO Creature_Attacks (creature_id, attack_name) VALUES ('8dc8d4a0-1f84-43a8-8e37-33e6e2272df1', 'Fin Slash');
INSERT INTO Creature_Defs (id, name, type, size_index, cr, hp, ac, biomes_json) VALUES ('d31a643e-7f78-4ef1-a20b-00a333401a28', 'Mako', 'Beast', 6, 3, 35, 14, '[10]');
INSERT INTO Creature_Attacks (creature_id, attack_name) VALUES ('d31a643e-7f78-4ef1-a20b-00a333401a28', 'Serrated Bite');
INSERT INTO Creature_Defs (id, name, type, size_index, cr, hp, ac, biomes_json) VALUES ('4c7e9f55-2b79-47e4-bc72-25b478af4770', 'Hammerhead', 'Beast', 6, 3, 40, 13, '[10]');
INSERT INTO Creature_Attacks (creature_id, attack_name) VALUES ('4c7e9f55-2b79-47e4-bc72-25b478af4770', 'Slam');
INSERT INTO Creature_Attacks (creature_id, attack_name) VALUES ('4c7e9f55-2b79-47e4-bc72-25b478af4770', 'Serrated Bite');
INSERT INTO Creature_Defs (id, name, type, size_index, cr, hp, ac, biomes_json) VALUES ('7f14b8e5-2d7e-4ffa-aa6c-703352afd6f7', 'Orca', 'Beast', 8, 5, 70, 15, '[10,1]');
INSERT INTO Creature_Attacks (creature_id, attack_name) VALUES ('7f14b8e5-2d7e-4ffa-aa6c-703352afd6f7', 'Crushing Jaw');
INSERT INTO Creature_Attacks (creature_id, attack_name) VALUES ('7f14b8e5-2d7e-4ffa-aa6c-703352afd6f7', 'Fluke Smash');
INSERT INTO Creature_Defs (id, name, type, size_index, cr, hp, ac, biomes_json) VALUES ('806dc911-e110-4a3a-b652-b93657e926f5', 'Squid', 'Beast', 3, 0.25, 8, 11, '[10]');
INSERT INTO Creature_Attacks (creature_id, attack_name) VALUES ('806dc911-e110-4a3a-b652-b93657e926f5', 'Tentacle Lash');
INSERT INTO Creature_Attacks (creature_id, attack_name) VALUES ('806dc911-e110-4a3a-b652-b93657e926f5', 'Ink Cloud');
INSERT INTO Creature_Defs (id, name, type, size_index, cr, hp, ac, biomes_json) VALUES ('8c4f9da7-e092-4d8e-a5c5-038ddf987024', 'Eel', 'Beast', 3, 0.25, 6, 12, '[10,6]');
INSERT INTO Creature_Attacks (creature_id, attack_name) VALUES ('8c4f9da7-e092-4d8e-a5c5-038ddf987024', 'Bite');
INSERT INTO Creature_Defs (id, name, type, size_index, cr, hp, ac, biomes_json) VALUES ('166d0e81-a4b7-418f-912c-d571761e2ad7', 'Moray', 'Beast', 4, 1, 18, 13, '[10]');
INSERT INTO Creature_Attacks (creature_id, attack_name) VALUES ('166d0e81-a4b7-418f-912c-d571761e2ad7', 'Trap-Jaw Strike');
INSERT INTO Creature_Defs (id, name, type, size_index, cr, hp, ac, biomes_json) VALUES ('cab5bf75-a07f-47d4-b726-ced0e917f462', 'Crab', 'Beast', 2, 0.13, 4, 14, '[10,6]');
INSERT INTO Creature_Attacks (creature_id, attack_name) VALUES ('cab5bf75-a07f-47d4-b726-ced0e917f462', 'Crab Pinch');
INSERT INTO Creature_Defs (id, name, type, size_index, cr, hp, ac, biomes_json) VALUES ('5c2033c7-074d-4110-9f46-c59baa1b2d95', 'Ray', 'Beast', 4, 0.5, 15, 12, '[10]');
INSERT INTO Creature_Attacks (creature_id, attack_name) VALUES ('5c2033c7-074d-4110-9f46-c59baa1b2d95', 'Barbed Sting');
INSERT INTO Creature_Defs (id, name, type, size_index, cr, hp, ac, biomes_json) VALUES ('53464472-1cae-4b87-a59d-6cf3168fde88', 'Dolphin', 'Beast', 4, 1, 20, 13, '[10]');
INSERT INTO Creature_Attacks (creature_id, attack_name) VALUES ('53464472-1cae-4b87-a59d-6cf3168fde88', 'Slam');
INSERT INTO Creature_Attacks (creature_id, attack_name) VALUES ('53464472-1cae-4b87-a59d-6cf3168fde88', 'Bite');
INSERT INTO Creature_Defs (id, name, type, size_index, cr, hp, ac, biomes_json) VALUES ('17560cae-4bcf-4658-8910-9bdabb1f988c', 'Whale', 'Beast', 8, 4, 80, 13, '[10]');
INSERT INTO Creature_Attacks (creature_id, attack_name) VALUES ('17560cae-4bcf-4658-8910-9bdabb1f988c', 'Fluke Smash');
INSERT INTO Creature_Attacks (creature_id, attack_name) VALUES ('17560cae-4bcf-4658-8910-9bdabb1f988c', 'Slam');
INSERT INTO Creature_Defs (id, name, type, size_index, cr, hp, ac, biomes_json) VALUES ('05f1d0b1-cfb3-46dd-8846-868fa55478eb', 'Seal', 'Beast', 4, 0.5, 16, 11, '[10,2]');
INSERT INTO Creature_Attacks (creature_id, attack_name) VALUES ('05f1d0b1-cfb3-46dd-8846-868fa55478eb', 'Bite');
INSERT INTO Creature_Attacks (creature_id, attack_name) VALUES ('05f1d0b1-cfb3-46dd-8846-868fa55478eb', 'Slam');
INSERT INTO Creature_Defs (id, name, type, size_index, cr, hp, ac, biomes_json) VALUES ('f3d551d3-770b-442b-8f18-b379c30f9848', 'Walrus', 'Beast', 6, 2, 40, 12, '[10,2]');
INSERT INTO Creature_Attacks (creature_id, attack_name) VALUES ('f3d551d3-770b-442b-8f18-b379c30f9848', 'Tusk Slash');
INSERT INTO Creature_Attacks (creature_id, attack_name) VALUES ('f3d551d3-770b-442b-8f18-b379c30f9848', 'Slam');
INSERT INTO Creature_Defs (id, name, type, size_index, cr, hp, ac, biomes_json) VALUES ('2cab6c5d-e64a-4954-9109-5af6f5482f65', 'Manatee', 'Beast', 6, 0.5, 35, 10, '[10,6]');
INSERT INTO Creature_Attacks (creature_id, attack_name) VALUES ('2cab6c5d-e64a-4954-9109-5af6f5482f65', 'Fluke Smash');
INSERT INTO Creature_Defs (id, name, type, size_index, cr, hp, ac, biomes_json) VALUES ('93e8ea64-185f-4f22-b0c1-4576d37623f5', 'Octopus', 'Beast', 3, 0.5, 12, 12, '[10]');
INSERT INTO Creature_Attacks (creature_id, attack_name) VALUES ('93e8ea64-185f-4f22-b0c1-4576d37623f5', 'Tentacle Lash');
INSERT INTO Creature_Attacks (creature_id, attack_name) VALUES ('93e8ea64-185f-4f22-b0c1-4576d37623f5', 'Ink Cloud');
INSERT INTO Creature_Defs (id, name, type, size_index, cr, hp, ac, biomes_json) VALUES ('5f1acbb1-6fee-429d-811c-63bbbb322947', 'Cuttlefish', 'Beast', 2, 0.13, 5, 11, '[10]');
INSERT INTO Creature_Attacks (creature_id, attack_name) VALUES ('5f1acbb1-6fee-429d-811c-63bbbb322947', 'Ink Cloud');
INSERT INTO Creature_Defs (id, name, type, size_index, cr, hp, ac, biomes_json) VALUES ('4da95704-d92d-4044-bdbc-31503c7f5b3a', 'Lobster', 'Beast', 2, 0.13, 6, 15, '[10]');
INSERT INTO Creature_Attacks (creature_id, attack_name) VALUES ('4da95704-d92d-4044-bdbc-31503c7f5b3a', 'Pincer Snipe');
INSERT INTO Creature_Defs (id, name, type, size_index, cr, hp, ac, biomes_json) VALUES ('74007210-1d2e-4ccf-a281-58dc186db094', 'Shrimp', 'Beast', 2, 0, 1, 10, '[10]');
INSERT INTO Creature_Attacks (creature_id, attack_name) VALUES ('74007210-1d2e-4ccf-a281-58dc186db094', 'Sonic Snap');
INSERT INTO Creature_Defs (id, name, type, size_index, cr, hp, ac, biomes_json) VALUES ('203a75bb-e6fd-4241-a119-1d04d6442d7b', 'Jellyfish', 'Beast', 2, 0.25, 2, 10, '[10]');
INSERT INTO Creature_Attacks (creature_id, attack_name) VALUES ('203a75bb-e6fd-4241-a119-1d04d6442d7b', 'Nematocyst Lash');
INSERT INTO Creature_Defs (id, name, type, size_index, cr, hp, ac, biomes_json) VALUES ('d579a9d2-b2e9-4762-ab3b-7fa09748cb7d', 'Seahorse', 'Beast', 2, 0, 1, 11, '[10]');
INSERT INTO Creature_Attacks (creature_id, attack_name) VALUES ('d579a9d2-b2e9-4762-ab3b-7fa09748cb7d', 'Suction Grip');
INSERT INTO Creature_Defs (id, name, type, size_index, cr, hp, ac, biomes_json) VALUES ('93504fda-c064-4a1b-bcd5-d5719451bdb5', 'Swordfish', 'Beast', 6, 2, 25, 14, '[10]');
INSERT INTO Creature_Attacks (creature_id, attack_name) VALUES ('93504fda-c064-4a1b-bcd5-d5719451bdb5', 'Sword-Bill Slash');
INSERT INTO Creature_Attacks (creature_id, attack_name) VALUES ('93504fda-c064-4a1b-bcd5-d5719451bdb5', 'Piercing');
INSERT INTO Creature_Defs (id, name, type, size_index, cr, hp, ac, biomes_json) VALUES ('204160ec-2c94-4d79-aa92-e150b75de1bc', 'Wolverine', 'Beast', 4, 2, 28, 14, '[2,3]');
INSERT INTO Creature_Attacks (creature_id, attack_name) VALUES ('204160ec-2c94-4d79-aa92-e150b75de1bc', 'Eviscerate');
INSERT INTO Creature_Attacks (creature_id, attack_name) VALUES ('204160ec-2c94-4d79-aa92-e150b75de1bc', 'Bite');
INSERT INTO Creature_Defs (id, name, type, size_index, cr, hp, ac, biomes_json) VALUES ('f289e746-69eb-45eb-9bff-4cc7dc4dbe4c', 'Badger', 'Beast', 3, 1, 18, 13, '[4,5]');
INSERT INTO Creature_Attacks (creature_id, attack_name) VALUES ('f289e746-69eb-45eb-9bff-4cc7dc4dbe4c', 'Claw');
INSERT INTO Creature_Attacks (creature_id, attack_name) VALUES ('f289e746-69eb-45eb-9bff-4cc7dc4dbe4c', 'Bite');
INSERT INTO Creature_Defs (id, name, type, size_index, cr, hp, ac, biomes_json) VALUES ('3135f873-bc9b-4135-aefe-02c05e453b14', 'Rat', 'Beast', 2, 0.13, 2, 10, '[11,4]');
INSERT INTO Creature_Attacks (creature_id, attack_name) VALUES ('3135f873-bc9b-4135-aefe-02c05e453b14', 'Bite');
INSERT INTO Creature_Defs (id, name, type, size_index, cr, hp, ac, biomes_json) VALUES ('ffc0e8de-f761-4fb6-962e-ecd5338a82f6', 'Porcupine', 'Beast', 3, 0.5, 12, 12, '[5,4]');
INSERT INTO Creature_Attacks (creature_id, attack_name) VALUES ('ffc0e8de-f761-4fb6-962e-ecd5338a82f6', 'Quill Shoot');
INSERT INTO Creature_Attacks (creature_id, attack_name) VALUES ('ffc0e8de-f761-4fb6-962e-ecd5338a82f6', 'Bite');
INSERT INTO Creature_Defs (id, name, type, size_index, cr, hp, ac, biomes_json) VALUES ('d4d74667-a082-4cbb-8485-de17c8cf1714', 'Mouse', 'Beast', 2, 0, 1, 10, '[1,4]');
INSERT INTO Creature_Attacks (creature_id, attack_name) VALUES ('d4d74667-a082-4cbb-8485-de17c8cf1714', 'Nibble');
INSERT INTO Creature_Defs (id, name, type, size_index, cr, hp, ac, biomes_json) VALUES ('59f0a44d-3ee4-412f-84c7-b803c374d081', 'Vole', 'Beast', 2, 0, 1, 10, '[4,5]');
INSERT INTO Creature_Attacks (creature_id, attack_name) VALUES ('59f0a44d-3ee4-412f-84c7-b803c374d081', 'Nibble');
INSERT INTO Creature_Defs (id, name, type, size_index, cr, hp, ac, biomes_json) VALUES ('175bb5d4-285a-4651-9f0d-570193d61a05', 'Lemming', 'Beast', 2, 0, 1, 10, '[2]');
INSERT INTO Creature_Attacks (creature_id, attack_name) VALUES ('175bb5d4-285a-4651-9f0d-570193d61a05', 'Nibble');
INSERT INTO Creature_Defs (id, name, type, size_index, cr, hp, ac, biomes_json) VALUES ('150b7e73-2580-4071-aeed-914494c45868', 'Hamster', 'Beast', 2, 0, 1, 10, '[7]');
INSERT INTO Creature_Attacks (creature_id, attack_name) VALUES ('150b7e73-2580-4071-aeed-914494c45868', 'Nibble');
INSERT INTO Creature_Defs (id, name, type, size_index, cr, hp, ac, biomes_json) VALUES ('a6b73f53-0e00-4ef3-9e17-00186b2e4eab', 'Gerbil', 'Beast', 2, 0, 1, 11, '[7]');
INSERT INTO Creature_Attacks (creature_id, attack_name) VALUES ('a6b73f53-0e00-4ef3-9e17-00186b2e4eab', 'Nibble');
INSERT INTO Creature_Defs (id, name, type, size_index, cr, hp, ac, biomes_json) VALUES ('b415ec9e-104e-4f89-9a0d-9f8191cf9dfd', 'Guinea Pig', 'Beast', 2, 0, 2, 10, '[3]');
INSERT INTO Creature_Attacks (creature_id, attack_name) VALUES ('b415ec9e-104e-4f89-9a0d-9f8191cf9dfd', 'Nibble');
INSERT INTO Creature_Defs (id, name, type, size_index, cr, hp, ac, biomes_json) VALUES ('e0601132-f4f6-4f0c-9afa-58f9a16882c6', 'Chinchilla', 'Beast', 2, 0, 2, 12, '[3]');
INSERT INTO Creature_Attacks (creature_id, attack_name) VALUES ('e0601132-f4f6-4f0c-9afa-58f9a16882c6', 'Nibble');
INSERT INTO Creature_Defs (id, name, type, size_index, cr, hp, ac, biomes_json) VALUES ('fe6baa49-548d-4f8b-a486-3a5287abad99', 'Capybara', 'Beast', 4, 0.13, 10, 10, '[9,6]');
INSERT INTO Creature_Attacks (creature_id, attack_name) VALUES ('fe6baa49-548d-4f8b-a486-3a5287abad99', 'Bite');
INSERT INTO Creature_Defs (id, name, type, size_index, cr, hp, ac, biomes_json) VALUES ('03ad2614-d95c-48c4-b265-593092dd7820', 'Beaver', 'Beast', 3, 0.25, 8, 11, '[5,6]');
INSERT INTO Creature_Attacks (creature_id, attack_name) VALUES ('03ad2614-d95c-48c4-b265-593092dd7820', 'Bite');
INSERT INTO Creature_Attacks (creature_id, attack_name) VALUES ('03ad2614-d95c-48c4-b265-593092dd7820', 'Tail Whip');
INSERT INTO Creature_Defs (id, name, type, size_index, cr, hp, ac, biomes_json) VALUES ('1d5755d0-05d4-4af4-9609-7d7116b1011b', 'Squirrel', 'Beast', 2, 0, 2, 13, '[5,1]');
INSERT INTO Creature_Attacks (creature_id, attack_name) VALUES ('1d5755d0-05d4-4af4-9609-7d7116b1011b', 'Bite');
INSERT INTO Creature_Defs (id, name, type, size_index, cr, hp, ac, biomes_json) VALUES ('6043e844-b87b-40c4-a1d3-3ff2c330c2c4', 'Chipmunk', 'Beast', 2, 0, 1, 13, '[5]');
INSERT INTO Creature_Attacks (creature_id, attack_name) VALUES ('6043e844-b87b-40c4-a1d3-3ff2c330c2c4', 'Nibble');
INSERT INTO Creature_Defs (id, name, type, size_index, cr, hp, ac, biomes_json) VALUES ('de3cb50e-970f-47bd-b65c-d739abec241d', 'Marmot', 'Beast', 3, 0.13, 5, 11, '[3]');
INSERT INTO Creature_Attacks (creature_id, attack_name) VALUES ('de3cb50e-970f-47bd-b65c-d739abec241d', 'Bite');
INSERT INTO Creature_Defs (id, name, type, size_index, cr, hp, ac, biomes_json) VALUES ('fc5ceb2b-8b0b-453f-b1f7-4932781ceb97', 'Ferret', 'Beast', 2, 0.13, 3, 12, '[4]');
INSERT INTO Creature_Attacks (creature_id, attack_name) VALUES ('fc5ceb2b-8b0b-453f-b1f7-4932781ceb97', 'Bite');
INSERT INTO Creature_Defs (id, name, type, size_index, cr, hp, ac, biomes_json) VALUES ('afd1aacf-a24b-4e98-884f-2358706a6c54', 'Weasel', 'Beast', 2, 0.13, 3, 13, '[5,4]');
INSERT INTO Creature_Attacks (creature_id, attack_name) VALUES ('afd1aacf-a24b-4e98-884f-2358706a6c54', 'Bite');
INSERT INTO Creature_Defs (id, name, type, size_index, cr, hp, ac, biomes_json) VALUES ('00128d8c-9b0d-4e2f-a9c6-4b08a008fa00', 'Otter', 'Beast', 3, 0.25, 7, 13, '[6,10]');
INSERT INTO Creature_Attacks (creature_id, attack_name) VALUES ('00128d8c-9b0d-4e2f-a9c6-4b08a008fa00', 'Bite');
INSERT INTO Creature_Attacks (creature_id, attack_name) VALUES ('00128d8c-9b0d-4e2f-a9c6-4b08a008fa00', 'Claw');
INSERT INTO Creature_Defs (id, name, type, size_index, cr, hp, ac, biomes_json) VALUES ('e95d5046-88de-4ca9-922f-3f4b6e838d31', 'Skunk', 'Beast', 3, 0.25, 6, 11, '[5,4]');
INSERT INTO Creature_Attacks (creature_id, attack_name) VALUES ('e95d5046-88de-4ca9-922f-3f4b6e838d31', 'Skunk Musk');
INSERT INTO Creature_Attacks (creature_id, attack_name) VALUES ('e95d5046-88de-4ca9-922f-3f4b6e838d31', 'Bite');
INSERT INTO Creature_Defs (id, name, type, size_index, cr, hp, ac, biomes_json) VALUES ('8e54f5f6-5ab8-4dd3-a8cf-80fda1fe3eb1', 'Raccoon', 'Beast', 3, 0.25, 8, 12, '[5,1]');
INSERT INTO Creature_Attacks (creature_id, attack_name) VALUES ('8e54f5f6-5ab8-4dd3-a8cf-80fda1fe3eb1', 'Claw');
INSERT INTO Creature_Attacks (creature_id, attack_name) VALUES ('8e54f5f6-5ab8-4dd3-a8cf-80fda1fe3eb1', 'Bite');
INSERT INTO Creature_Defs (id, name, type, size_index, cr, hp, ac, biomes_json) VALUES ('efb7d827-6663-4616-bc98-748c5e7b9c10', 'Mongoose', 'Beast', 3, 0.5, 9, 14, '[8,9]');
INSERT INTO Creature_Attacks (creature_id, attack_name) VALUES ('efb7d827-6663-4616-bc98-748c5e7b9c10', 'Bite');
INSERT INTO Creature_Attacks (creature_id, attack_name) VALUES ('efb7d827-6663-4616-bc98-748c5e7b9c10', 'Pounce');
INSERT INTO Creature_Defs (id, name, type, size_index, cr, hp, ac, biomes_json) VALUES ('5101aad7-009f-45fc-978f-90014381a970', 'Meerkat', 'Beast', 2, 0.13, 4, 12, '[8,7]');
INSERT INTO Creature_Attacks (creature_id, attack_name) VALUES ('5101aad7-009f-45fc-978f-90014381a970', 'Bite');
INSERT INTO Creature_Defs (id, name, type, size_index, cr, hp, ac, biomes_json) VALUES ('be54737a-fda7-4f17-a384-f60a6363ec2e', 'Kangaroo', 'Beast', 4, 1, 22, 12, '[7,8]');
INSERT INTO Creature_Attacks (creature_id, attack_name) VALUES ('be54737a-fda7-4f17-a384-f60a6363ec2e', 'Kangaroo Box');
INSERT INTO Creature_Attacks (creature_id, attack_name) VALUES ('be54737a-fda7-4f17-a384-f60a6363ec2e', 'Hind Kick');
INSERT INTO Creature_Defs (id, name, type, size_index, cr, hp, ac, biomes_json) VALUES ('4557ee9a-81a4-4a45-819b-68bfbf9ed6af', 'Devil', 'Beast', 3, 1, 16, 12, '[5,9]');
INSERT INTO Creature_Attacks (creature_id, attack_name) VALUES ('4557ee9a-81a4-4a45-819b-68bfbf9ed6af', 'Crushing Jaw');
INSERT INTO Creature_Attacks (creature_id, attack_name) VALUES ('4557ee9a-81a4-4a45-819b-68bfbf9ed6af', 'Claw');
INSERT INTO Creature_Defs (id, name, type, size_index, cr, hp, ac, biomes_json) VALUES ('69562519-2830-4c93-82b9-dc86bd301ced', 'Wallaby', 'Beast', 3, 0.25, 10, 12, '[7,5]');
INSERT INTO Creature_Attacks (creature_id, attack_name) VALUES ('69562519-2830-4c93-82b9-dc86bd301ced', 'Hind Kick');
INSERT INTO Creature_Defs (id, name, type, size_index, cr, hp, ac, biomes_json) VALUES ('af34fa76-52be-4dbd-9ae4-684b870ccccd', 'Quokka', 'Beast', 2, 0, 3, 10, '[5]');
INSERT INTO Creature_Attacks (creature_id, attack_name) VALUES ('af34fa76-52be-4dbd-9ae4-684b870ccccd', 'Nibble');
INSERT INTO Creature_Defs (id, name, type, size_index, cr, hp, ac, biomes_json) VALUES ('0a29a530-6ed5-4ad6-a5f9-c3ee0a5f75a5', 'Bettong', 'Beast', 2, 0, 2, 11, '[5]');
INSERT INTO Creature_Attacks (creature_id, attack_name) VALUES ('0a29a530-6ed5-4ad6-a5f9-c3ee0a5f75a5', 'Nibble');
INSERT INTO Creature_Defs (id, name, type, size_index, cr, hp, ac, biomes_json) VALUES ('8563d609-c38c-4ae8-a336-bf2df8c54e70', 'Possum', 'Beast', 2, 0.13, 4, 11, '[5,1]');
INSERT INTO Creature_Attacks (creature_id, attack_name) VALUES ('8563d609-c38c-4ae8-a336-bf2df8c54e70', 'Bite');
INSERT INTO Creature_Attacks (creature_id, attack_name) VALUES ('8563d609-c38c-4ae8-a336-bf2df8c54e70', 'Claw');
INSERT INTO Creature_Defs (id, name, type, size_index, cr, hp, ac, biomes_json) VALUES ('ef2fea3e-965e-4040-8f37-95ed8d00b941', 'Glider', 'Beast', 2, 0, 2, 12, '[9]');
INSERT INTO Creature_Attacks (creature_id, attack_name) VALUES ('ef2fea3e-965e-4040-8f37-95ed8d00b941', 'Scratch');
INSERT INTO Creature_Defs (id, name, type, size_index, cr, hp, ac, biomes_json) VALUES ('fae25e4d-a688-4174-a347-b768286e17b2', 'Wombat', 'Beast', 4, 0.5, 18, 13, '[5,3]');
INSERT INTO Creature_Attacks (creature_id, attack_name) VALUES ('fae25e4d-a688-4174-a347-b768286e17b2', 'Slam');
INSERT INTO Creature_Attacks (creature_id, attack_name) VALUES ('fae25e4d-a688-4174-a347-b768286e17b2', 'Bite');
INSERT INTO Creature_Defs (id, name, type, size_index, cr, hp, ac, biomes_json) VALUES ('0e903069-0908-4dc6-83f3-0673cd60cbe9', 'Koala', 'Beast', 3, 0.13, 8, 10, '[5]');
INSERT INTO Creature_Attacks (creature_id, attack_name) VALUES ('0e903069-0908-4dc6-83f3-0673cd60cbe9', 'Scratch');
INSERT INTO Creature_Defs (id, name, type, size_index, cr, hp, ac, biomes_json) VALUES ('ec36d7f3-ea52-40f3-bf03-176dfedee34b', 'Bandicoot', 'Beast', 2, 0, 3, 11, '[5]');
INSERT INTO Creature_Attacks (creature_id, attack_name) VALUES ('ec36d7f3-ea52-40f3-bf03-176dfedee34b', 'Bite');
INSERT INTO Creature_Defs (id, name, type, size_index, cr, hp, ac, biomes_json) VALUES ('3fb4e596-55e8-4d16-8721-9ba355d93ad2', 'Bilby', 'Beast', 2, 0, 2, 11, '[7]');
INSERT INTO Creature_Attacks (creature_id, attack_name) VALUES ('3fb4e596-55e8-4d16-8721-9ba355d93ad2', 'Nibble');
INSERT INTO Creature_Defs (id, name, type, size_index, cr, hp, ac, biomes_json) VALUES ('88bc609f-a134-45c6-a936-ca47ed849362', 'Dunnart', 'Beast', 2, 0, 1, 12, '[7]');
INSERT INTO Creature_Attacks (creature_id, attack_name) VALUES ('88bc609f-a134-45c6-a936-ca47ed849362', 'Bite');
INSERT INTO Creature_Defs (id, name, type, size_index, cr, hp, ac, biomes_json) VALUES ('ba2c511f-9ee2-44bf-9614-c42f8e74aec2', 'Quoll', 'Beast', 2, 0.25, 5, 13, '[5,9]');
INSERT INTO Creature_Attacks (creature_id, attack_name) VALUES ('ba2c511f-9ee2-44bf-9614-c42f8e74aec2', 'Bite');
INSERT INTO Creature_Attacks (creature_id, attack_name) VALUES ('ba2c511f-9ee2-44bf-9614-c42f8e74aec2', 'Claw');
INSERT INTO Creature_Defs (id, name, type, size_index, cr, hp, ac, biomes_json) VALUES ('c95a8f11-c07c-4d8e-a8ab-c9d405d3f217', 'Numbat', 'Beast', 2, 0, 2, 12, '[5]');
INSERT INTO Creature_Attacks (creature_id, attack_name) VALUES ('c95a8f11-c07c-4d8e-a8ab-c9d405d3f217', 'Claw');
INSERT INTO Creature_Defs (id, name, type, size_index, cr, hp, ac, biomes_json) VALUES ('2695c8fd-2ec6-4566-a5e0-a58c56ffb29e', 'Thylacine', 'Beast', 4, 1, 16, 13, '[5]');
INSERT INTO Creature_Attacks (creature_id, attack_name) VALUES ('2695c8fd-2ec6-4566-a5e0-a58c56ffb29e', 'Bite');
INSERT INTO Creature_Attacks (creature_id, attack_name) VALUES ('2695c8fd-2ec6-4566-a5e0-a58c56ffb29e', 'Crushing Jaw');
INSERT INTO Creature_Defs (id, name, type, size_index, cr, hp, ac, biomes_json) VALUES ('8dc17f01-b410-4dab-9390-9ff8def9a0f1', 'Opossum', 'Beast', 3, 0.13, 6, 10, '[5,1]');
INSERT INTO Creature_Attacks (creature_id, attack_name) VALUES ('8dc17f01-b410-4dab-9390-9ff8def9a0f1', 'Bite');
INSERT INTO Creature_Defs (id, name, type, size_index, cr, hp, ac, biomes_json) VALUES ('584659e1-527e-4fd5-a715-e6b7ad8c85bd', 'Toad', 'Beast', 2, 0, 2, 10, '[6,9]');
INSERT INTO Creature_Attacks (creature_id, attack_name) VALUES ('584659e1-527e-4fd5-a715-e6b7ad8c85bd', 'Bite');
INSERT INTO Creature_Defs (id, name, type, size_index, cr, hp, ac, biomes_json) VALUES ('023e9f24-a112-4f92-b94c-3f2e5376bccc', 'Frog', 'Beast', 2, 0, 1, 11, '[6,9]');
INSERT INTO Creature_Attacks (creature_id, attack_name) VALUES ('023e9f24-a112-4f92-b94c-3f2e5376bccc', 'Suction Grip');
INSERT INTO Creature_Defs (id, name, type, size_index, cr, hp, ac, biomes_json) VALUES ('cb2a677a-8668-433b-a697-4a6c3b2bc064', 'Dartfrog', 'Beast', 2, 0.25, 1, 14, '[9]');
INSERT INTO Creature_Attacks (creature_id, attack_name) VALUES ('cb2a677a-8668-433b-a697-4a6c3b2bc064', 'Toxic Spores');
INSERT INTO Creature_Defs (id, name, type, size_index, cr, hp, ac, biomes_json) VALUES ('71d7ee02-b6bc-4616-ab1c-da1ea88ac353', 'Salamander', 'Beast', 2, 0, 2, 11, '[6,5]');
INSERT INTO Creature_Attacks (creature_id, attack_name) VALUES ('71d7ee02-b6bc-4616-ab1c-da1ea88ac353', 'Bite');
INSERT INTO Creature_Defs (id, name, type, size_index, cr, hp, ac, biomes_json) VALUES ('ddf5b833-71c5-4670-bc6d-ba9ff27c5b16', 'Newt', 'Beast', 2, 0, 1, 11, '[6,5]');
INSERT INTO Creature_Attacks (creature_id, attack_name) VALUES ('ddf5b833-71c5-4670-bc6d-ba9ff27c5b16', 'Bite');
INSERT INTO Creature_Attacks (creature_id, attack_name) VALUES ('ddf5b833-71c5-4670-bc6d-ba9ff27c5b16', 'Toxic Spores');
INSERT INTO Creature_Defs (id, name, type, size_index, cr, hp, ac, biomes_json) VALUES ('869a4907-6301-4271-8cd4-f5a94b463814', 'Caecilian', 'Beast', 2, 0, 2, 10, '[11,9]');
INSERT INTO Creature_Attacks (creature_id, attack_name) VALUES ('869a4907-6301-4271-8cd4-f5a94b463814', 'Bite');
INSERT INTO Creature_Defs (id, name, type, size_index, cr, hp, ac, biomes_json) VALUES ('108e8e86-35b5-4a62-8db9-76605dd447c5', 'Axolotl', 'Beast', 2, 0, 2, 10, '[6]');
INSERT INTO Creature_Attacks (creature_id, attack_name) VALUES ('108e8e86-35b5-4a62-8db9-76605dd447c5', 'Bite');
INSERT INTO Creature_Defs (id, name, type, size_index, cr, hp, ac, biomes_json) VALUES ('110ce895-cafa-49bf-aafd-f6ac161d03d9', 'Mudpuppy', 'Beast', 2, 0, 2, 10, '[6]');
INSERT INTO Creature_Attacks (creature_id, attack_name) VALUES ('110ce895-cafa-49bf-aafd-f6ac161d03d9', 'Bite');
INSERT INTO Creature_Defs (id, name, type, size_index, cr, hp, ac, biomes_json) VALUES ('6560d52f-d92f-4803-9c8f-1a93f2f4a3b4', 'Hellbender', 'Beast', 3, 0.13, 5, 10, '[6]');
INSERT INTO Creature_Attacks (creature_id, attack_name) VALUES ('6560d52f-d92f-4803-9c8f-1a93f2f4a3b4', 'Bite');
INSERT INTO Creature_Attacks (creature_id, attack_name) VALUES ('6560d52f-d92f-4803-9c8f-1a93f2f4a3b4', 'Slam');
INSERT INTO Creature_Defs (id, name, type, size_index, cr, hp, ac, biomes_json) VALUES ('2c0ad6dd-53b9-4658-9c18-2fd7dd804c45', 'Siren', 'Beast', 3, 0.13, 4, 11, '[6,9]');
INSERT INTO Creature_Attacks (creature_id, attack_name) VALUES ('2c0ad6dd-53b9-4658-9c18-2fd7dd804c45', 'Bite');
INSERT INTO Creature_Defs (id, name, type, size_index, cr, hp, ac, biomes_json) VALUES ('5b0fcf94-0c63-4783-a975-2e9acc7db360', 'Bullfrog', 'Beast', 2, 0.13, 3, 10, '[6]');
INSERT INTO Creature_Attacks (creature_id, attack_name) VALUES ('5b0fcf94-0c63-4783-a975-2e9acc7db360', 'Bite');
INSERT INTO Creature_Attacks (creature_id, attack_name) VALUES ('5b0fcf94-0c63-4783-a975-2e9acc7db360', 'Suction Grip');
INSERT INTO Creature_Defs (id, name, type, size_index, cr, hp, ac, biomes_json) VALUES ('3a7e9230-6c6d-4a8e-9cf4-cdef8ead1789', 'Treefrog', 'Beast', 2, 0, 1, 13, '[9]');
INSERT INTO Creature_Attacks (creature_id, attack_name) VALUES ('3a7e9230-6c6d-4a8e-9cf4-cdef8ead1789', 'None');
INSERT INTO Creature_Defs (id, name, type, size_index, cr, hp, ac, biomes_json) VALUES ('5cab8556-83fe-45d9-8888-ad43d237cade', 'Spadefoot', 'Beast', 2, 0, 2, 10, '[4,7]');
INSERT INTO Creature_Attacks (creature_id, attack_name) VALUES ('5cab8556-83fe-45d9-8888-ad43d237cade', 'Bite');
INSERT INTO Creature_Defs (id, name, type, size_index, cr, hp, ac, biomes_json) VALUES ('112fc29f-51f4-4223-aac1-d91c1e43af0e', 'Bombina', 'Beast', 2, 0.13, 1, 11, '[6,5]');
INSERT INTO Creature_Attacks (creature_id, attack_name) VALUES ('112fc29f-51f4-4223-aac1-d91c1e43af0e', 'Toxic Spores');
INSERT INTO Creature_Defs (id, name, type, size_index, cr, hp, ac, biomes_json) VALUES ('4bd4510e-e32c-4efc-ac02-98b03f81206c', 'Mantella', 'Beast', 2, 0.13, 1, 13, '[9]');
INSERT INTO Creature_Attacks (creature_id, attack_name) VALUES ('4bd4510e-e32c-4efc-ac02-98b03f81206c', 'Toxic Spores');
COMMIT;
